customer_id,customer_name,email,registration_date,customer_type
421,Melissa Johnson,jessicajenkins@example.org,2025-11-01 09:30:17,VIP
374,Samantha Morales,michaelkayla@example.net,2026-08-06 07:39:20,VIP
260,Isaac Martinez,clarkclaudia@example.org,2024-12-19 15:42:54,VIP
467,Gregory Hernandez,rogersshelby@example.org,2025-01-10 05:47:56,VIP
305,Erica Escobar,allenchristopher@example.org,2026-04-14 01:04:48,REGULAR
292,Justin Rodriguez,vmiller@example.com,2024-12-31 06:01:14,VIP
161,Haley Burns,matthew51@example.net,2024-10-08 14:11:53,VIP
269,Angie Diaz,bsantiago@example.org,2026-01-09 13:17:03,VIP
422,Norma Rivera,williamhoover@example.com,2026-03-23 02:44:32,PREMIUM
231,Thomas Roman,nicholaslee@example.org,2025-02-13 16:14:40,REGULAR
128,Andrew Garcia,mwalker@example.com,2026-04-18 11:11:50,VIP
6,Kristy Watts,martincherry@example.net,2025-06-06 13:50:00,REGULAR
178,Kathy Cordova,carlwallace@example.com,2025-07-23 16:46:32,REGULAR
261,Connor Carter,jonathanweeks@example.org,2024-09-18 10:21:49,PREMIUM
139,Jessica Harris,aaronphillips@example.org,2024-09-17 08:06:54,REGULAR
10,Miranda Gomez,darren18@example.net,2025-06-07 08:36:30,VIP
46,Emily Thomas,anthony35@example.com,2026-04-01 20:03:36,PREMIUM
138,Alexander Peterson,alisha22@example.net,2025-10-12 15:06:00,REGULAR
452,Matthew Leach,emily53@example.com,2025-06-10 04:42:47,REGULAR
287,Susan Boyer,ubaird@example.net,2026-04-01 16:21:39,VIP
94,Kevin Jones,changkrista@example.net,2024-12-30 00:08:49,PREMIUM
179,Joshua Davis,lewislinda@example.com,2025-03-30 12:04:44,VIP
31,Kenneth Larsen,adamsapril@example.org,2025-01-06 15:24:15,VIP
419,Emily Norris,steven33@example.com,2025-11-19 09:08:55,REGULAR
309,Gary Klein,christine73@example.org,2024-12-09 08:47:04,VIP
337,Andrea Martinez,tdavis@example.org,2025-03-18 16:14:02,PREMIUM
263,Joshua Cruz,benjamin38@example.net,2024-08-31 01:24:22,PREMIUM
101,Kyle Walsh,billy71@example.com,2025-01-26 18:23:55,PREMIUM
37,Andrew Clark,gmartin@example.net,2025-11-04 21:53:08,VIP
388,Jose Daugherty,meyerrichard@example.net,2025-11-27 02:43:49,PREMIUM
53,Megan Nguyen,davidharper@example.net,2024-09-22 12:31:53,PREMIUM
23,Robert Clark,katelyn45@example.org,2026-05-01 00:21:00,PREMIUM
97,Daniel Ritter,garrisonpaul@example.com,2025-11-20 06:42:17,REGULAR
252,Samantha Flores,denisehudson@example.com,2025-12-05 15:41:58,REGULAR
442,Charles Ward,jeff83@example.com,2026-03-20 14:57:08,REGULAR
391,James Simon,kennethyoung@example.net,2024-10-14 18:05:24,VIP
306,Barbara Mckee,joseph12@example.com,2024-12-15 03:35:49,VIP
69,Terrence Taylor Jr.,alexandria37@example.org,2025-07-03 02:01:44,PREMIUM
193,Jennifer Jackson,richardsheather@example.org,2025-04-27 17:12:01,PREMIUM
62,Sarah Smith,amyward@example.org,2026-05-13 20:41:47,REGULAR
344,Timothy Bradford,gonzalezjennifer@example.com,2025-04-28 11:20:40,REGULAR
497,Paul Rios,paigejohnson@example.org,2025-08-12 19:42:51,PREMIUM
483,Vincent Morris,laurablack@example.com,2026-01-10 18:54:10,VIP
490,Timothy Reed DVM,jessica43@example.net,2025-11-01 20:46:21,VIP
302,Joseph Morales,johnsonlisa@example.net,2026-03-15 10:03:35,PREMIUM
357,Sarah Smith,burnscarolyn@example.com,2026-02-05 00:04:41,REGULAR
319,Wesley Harrison,espinozajake@example.com,2026-06-02 01:33:35,REGULAR
417,Lindsay Malone,james29@example.net,2025-12-20 22:06:36,REGULAR
495,Nicholas Walsh,trowe@example.com,2025-10-17 23:36:02,REGULAR
381,Danielle Weber,hamiltonnicholas@example.com,2025-03-17 16:17:50,VIP
284,Bob Armstrong,cassandra71@example.net,2025-11-17 18:42:03,REGULAR
271,Michael Palmer,josephcombs@example.net,2026-07-28 18:36:58,REGULAR
3,Rose Wilcox,brandon96@example.net,2025-07-25 06:30:44,VIP
289,Anthony Smith DDS,brian72@example.net,2025-09-05 21:35:01,PREMIUM
43,Kristy Martinez,dawn96@example.com,2025-03-17 20:02:58,PREMIUM
424,Kelly Ortiz,bernardjoseph@example.com,2026-04-18 01:58:32,PREMIUM
393,Ashley Moore,deleongeorge@example.org,2026-03-26 06:19:18,PREMIUM
371,John Johnson,mturner@example.org,2024-12-19 17:30:34,VIP
310,Terry Olson,lowemichelle@example.net,2024-08-22 01:53:46,REGULAR
475,John Hernandez,zbaker@example.com,2025-05-20 20:24:19,PREMIUM
204,Kevin Sparks,millerkristina@example.com,2026-07-28 10:09:53,REGULAR
216,Joel Chavez,xjohnson@example.org,2024-09-12 05:06:08,REGULAR
217,Matthew Perez,kmorgan@example.com,2025-11-09 19:04:49,REGULAR
273,Deanna Perkins,alexandra91@example.net,2024-11-08 16:06:41,PREMIUM
471,Jennifer Miller,jessicacarroll@example.net,2024-11-28 02:03:53,REGULAR
498,Steven Wilkins,mwalker,2025-03-09 17:28:19,REGULAR
166,Cynthia Fox,michaeljennings@example.net,2026-07-05 17:00:26,REGULAR
454,Jesus Copeland,qvaldez@example.com,2024-12-24 01:56:15,PREMIUM
172,John Parrish II,marthacurry@example.org,2025-01-28 21:15:13,PREMIUM
285,Lindsay Mcdaniel,xanderson@example.com,2025-05-23 17:50:52,PREMIUM
296,David Mccarty,susan73@example.org,2025-01-12 21:15:00,PREMIUM
427,Jake Fritz,janet04@example.com,2025-03-07 07:42:09,REGULAR
241,Lee Henderson,jmarshall@example.com,2025-07-06 12:47:28,VIP
266,Omar Henderson,kevinlawrence@example.com,2025-02-12 02:25:43,PREMIUM
235,John Sharp,davidlindsey@example.net,2026-05-27 15:56:43,VIP
146,Travis Chase,christinemurray@example.org,2026-02-23 06:10:56,REGULAR
377,David Nelson,savannahgiles@example.net,2025-09-13 14:28:58,REGULAR
7,Whitney Rice,julia94@example.org,2026-07-10 17:34:35,REGULAR
395,Ryan Miller,brett24@example.com,2026-07-14 18:59:26,PREMIUM
77,Norman Castillo,bwilkins@example.net,2026-06-21 13:38:14,VIP
214,Pamela Owens,kenneth57@example.com,2024-09-02 00:53:44,VIP
42,Patrick Smith,kristin66@example.org,2025-05-02 05:45:01,REGULAR
162,Christine Evans,john65@example.org,2025-07-14 23:16:42,PREMIUM
48,Whitney Patton,stephaniegreer@example.net,2025-03-31 02:32:19,VIP
205,Shawn Ramos,vgarcia@example.org,2026-02-18 17:25:51,PREMIUM
127,Bryan Flowers,rachel99@example.com,2024-09-09 18:03:17,PREMIUM
175,Mark Long,christianfritz@example.net,2025-08-08 22:16:35,PREMIUM
54,Rachel Alexander,paulvelazquez@example.org,2024-09-26 11:14:06,REGULAR
49,Stephanie Weaver,tracywilliams@example.com,2024-10-31 05:51:43,PREMIUM
133,William Wright,susan52@example.com,2025-02-23 12:13:33,VIP
245,Amanda Hooper MD,julian47@example.org,2025-03-14 04:15:37,REGULAR
225,Louis Coleman,huntjohnny@example.net,2025-03-09 05:50:58,VIP
194,Drew Reese,kenneth51@example.org,2025-04-15 21:20:38,PREMIUM
82,Isabella Barnett,cdouglas@example.net,2025-09-12 15:01:03,REGULAR
100,Kayla Bates,fbrown@example.com,2026-03-20 01:52:09,REGULAR
9,Katherine Anderson,susansteele@example.net,2025-04-15 05:35:37,REGULAR
477,Jennifer Garrett,novakmichelle@example.org,2025-03-24 02:51:40,REGULAR
207,Christopher Shelton,adam12@example.com,2026-08-04 18:25:48,VIP
384,William Gibson,jamie00@example.com,2025-12-01 11:44:41,REGULAR
206,Tyler Mendoza,kim38@example.net,2025-01-05 03:04:05,VIP
407,Kristin Hardy,barbara08@example.com,2026-01-24 15:28:24,REGULAR
1,Dawn Medina,brhodes@example.org,2024-11-25 15:58:48,REGULAR
246,Corey Smith,kevinwalker@example.org,2025-06-16 11:36:41,REGULAR
44,Joy Blair,ashaffer@example.com,2025-01-13 08:01:46,REGULAR
376,Michael Oneill,heather69@example.com,2025-02-06 13:01:54,PREMIUM
464,Larry Smith,jacobmacdonald@example.com,2026-04-03 13:17:17,REGULAR
232,Joshua Riggs,frenchbrenda@example.net,2025-06-21 07:31:14,PREMIUM
157,Lauren Brown,ssmith@example.org,2025-03-09 23:53:33,PREMIUM
373,Anthony Hall,mbutler@example.org,2024-08-25 14:00:27,PREMIUM
459,Cory Valdez,leesandra@example.net,2025-03-29 20:25:08,REGULAR
35,Charlene Murray,jamesdiaz@example.net,2025-07-16 23:58:59,VIP
89,Derek Davies,santosnancy@example.org,2025-11-18 19:30:06,VIP
170,Sharon Dalton,michael23@example.org,2026-02-10 23:26:08,VIP
432,Samuel Holt,jennifer79@example.com,2026-02-23 19:27:17,REGULAR
219,Jimmy Richmond,cweaver@example.com,2025-12-24 08:36:13,VIP
254,Shawn Diaz,ujones@example.net,2026-03-07 22:54:43,REGULAR
478,Michael Norman,williamgonzalez@example.org,2026-07-20 04:15:57,PREMIUM
282,Ronald Mills,terrywilliam@example.com,2025-11-17 00:27:20,REGULAR
173,Connie Lopez,perezeric@example.net,2025-11-11 11:44:01,REGULAR
79,Lauren Green,heather00@example.org,2025-01-24 21:34:28,PREMIUM
136,Charles Smith,mthomas@example.org,2025-10-06 13:37:09,VIP
105,Richard Chaney,hollysoto@example.org,2026-03-31 10:33:30,VIP
99,Joshua Herrera,danielmarshall@example.net,2024-11-25 17:05:20,VIP
400,Randall Morris,wchavez@example.com,2026-07-13 23:58:24,PREMIUM
149,Stephen Navarro,ryan06@example.net,2026-06-17 15:20:52,VIP
137,Randy Sullivan,tami26@example.com,2025-05-26 11:42:55,VIP
104,Katrina Hernandez,bryan58@example.com,2026-01-27 16:18:24,REGULAR
220,Valerie Holland,vjohnson@example.org,2024-12-06 05:26:59,REGULAR
315,Hannah Thomas,katherine21@example.com,2026-03-30 15:58:57,REGULAR
182,Nancy Schroeder,laurenkim@example.com,2026-05-26 07:32:41,REGULAR
95,Joanna Smith,james75@example.net,2024-12-08 07:59:40,REGULAR
258,Mary Figueroa,ericksonjohn@example.net,2025-05-27 05:03:05,REGULAR
493,Jordan Edwards,christophermosley@example.net,2025-03-06 03:24:49,REGULAR
58,Veronica Floyd,william65@example.com,2024-11-26 20:03:56,PREMIUM
450,Jennifer Woodard,henry53@example.net,2025-09-22 10:18:34,REGULAR
416,Nancy Morris,mark31@example.org,2025-11-30 14:58:12,VIP
414,Daniel Horton,john92@example.com,2026-06-05 11:32:29,VIP
224,Jerry Haas,tdoyle@example.net,2026-03-17 01:20:28,VIP
27,Brandi Marks,willie04@example.org,2024-08-12 20:53:47,VIP
145,Tiffany Larson,stacyhicks@example.com,2026-01-26 10:07:11,PREMIUM
333,Allen Mccarthy,lisa50@example.com,2026-07-14 15:05:45,REGULAR
443,Michael Garcia,csantiago@example.org,2026-06-16 14:17:26,PREMIUM
244,Joshua Davis,martinezallison@example.net,2025-07-30 20:23:05,REGULAR
307,Casey Ware,howelljoseph@example.net,2025-08-01 08:11:10,PREMIUM
91,Bethany Shaw,julierivera@example.net,2026-05-17 07:51:55,PREMIUM
399,Tony Gilbert,madison08@example.com,2024-10-24 12:52:44,VIP
283,Sophia Mccoy,kellylopez@example.net,2025-09-14 06:04:13,VIP
474,Jocelyn Bates,gloveraaron@example.com,2025-08-17 13:16:04,PREMIUM
332,Charles Jones,eric43@example.org,2025-10-27 10:33:08,VIP
409,Kimberly Hayes,gdavidson@example.net,2025-02-21 06:21:50,PREMIUM
249,Daniel Gonzalez,wkeith@example.org,2025-10-16 06:08:20,VIP
425,Stephen Garcia,williamsonlisa@example.com,2026-06-16 11:27:48,VIP
143,Paul Gregory,vabbott@example.com,2025-01-29 12:47:01,REGULAR
394,Shannon Johnson,gutierrezjohn@example.org,2025-08-05 13:00:18,REGULAR
164,Cindy Beck,dianesmith@example.org,2024-10-21 08:55:44,REGULAR
488,Lisa Abbott,garciajanet@example.net,2025-04-20 06:40:00,VIP
426,Mrs. Kimberly Smith,jessicalong@example.com,2024-09-30 12:28:10,PREMIUM
198,Susan Barrett,russellmark@example.org,2025-04-04 23:33:53,REGULAR
22,Betty Garcia,lorraine25@example.org,2025-04-20 23:02:06,PREMIUM
314,Martha Hoffman,andrewharris@example.org,2025-11-02 23:58:21,REGULAR
372,Carlos Davidson,gzimmerman@example.org,2025-11-04 17:43:22,REGULAR
438,Sheri Martinez,williamsmichael@example.org,2025-11-04 04:41:36,VIP
40,Rodney Jones,wardsarah@example.com,2026-02-10 09:51:24,REGULAR
96,Robert Dean,ycollins@example.com,2025-11-24 17:58:49,REGULAR
66,Holly Lewis,christine85@example.net,2024-11-12 20:00:46,PREMIUM
481,Amanda Davis,lanemichael@example.net,2026-07-12 19:13:00,PREMIUM
212,Mrs. Kayla Harper,willismatthew@example.org,2024-11-26 01:16:15,VIP
429,James Tucker,bobbysalazar@example.org,2025-01-27 12:38:21,PREMIUM
25,Alexander Barrett,timothymurphy@example.com,2024-08-22 16:18:16,PREMIUM
268,Crystal Dodson,gcampbell@example.com,2026-03-20 04:17:24,PREMIUM
444,Robert Johnson,masonmccann@example.org,2026-08-06 09:09:28,PREMIUM
343,Michael Tapia,martinezedwin@example.com,2024-11-30 19:50:59,PREMIUM
87,Rebecca Nelson,jenniferwhite@example.org,2026-07-26 14:58:33,VIP
270,Amy Ponce,johnsonsteven@example.net,2025-06-11 08:42:07,REGULAR
497,Paul Rios,paigejohnson@example.org,2025-08-12 19:42:51,PREMIUM
229,Patrick Barr,jbooth@example.net,2026-05-04 15:51:05,VIP
185,Cynthia Prince,christopher85@example.org,2026-01-15 19:57:30,REGULAR
329,Crystal Wilson,michelle93@example.net,2026-05-09 05:29:06,VIP
262,Destiny Garrison,larsonjames@example.org,2025-09-10 19:46:28,VIP
469,James Guzman,davidflowers@example.com,2025-06-16 21:38:18,PREMIUM
323,Stacey Zuniga,vincentjeffrey@example.net,2024-08-14 12:54:06,VIP
433,Jay Moore,richard21@example.org,2025-03-21 07:48:30,VIP
180,Melanie Nelson,vbowen@example.org,2025-10-05 16:12:23,VIP
174,Michelle Williams,shawnryan,2026-03-16 04:02:12,REGULAR
267,Diana Mitchell,boonemichelle@example.com,2025-01-07 07:39:05,REGULAR
480,Jennifer Porter,davidperez@example.net,2025-08-23 11:42:36,PREMIUM
130,Jeffrey Boyle,fschultz@example.net,2025-03-19 17:11:09,PREMIUM
486,Kathryn Evans,zalvarez@example.net,2025-01-04 01:14:50,PREMIUM
264,Timothy Reilly,styler@example.net,2025-04-07 22:27:31,VIP
339,Steven Jones,john30@example.org,2026-05-30 19:40:10,PREMIUM
153,Michael Friedman,karenpalmer@example.com,2025-02-12 18:49:43,REGULAR
430,Michael Dennis,phillipsbrianna@example.com,2026-04-26 08:40:30,REGULAR
84,Emily Turner,brockmichael@example.com,2024-11-13 21:21:55,VIP
208,Eric Santos,thomassnyder@example.net,2026-05-02 09:57:55,REGULAR
402,Jennifer Mitchell,ecox@example.com,2026-01-14 02:36:00,VIP
150,Kenneth Smith,toni64@example.com,2025-06-18 01:58:21,PREMIUM
401,Rose Kline,thompsonrobin@example.com,2025-10-12 00:35:38,REGULAR
160,Travis Smith,anthony92@example.net,2026-02-11 16:16:02,VIP
380,Mr. Christopher Mack,laura13@example.net,2025-10-07 17:11:18,REGULAR
243,Steven Baker,uperez@example.org,2026-07-19 15:39:42,REGULAR
441,Thomas Young,lauraanderson@example.com,2026-01-08 08:01:56,PREMIUM
428,Natalie Clements,vmorales@example.org,2026-06-16 23:30:58,VIP
312,Lisa Berg,smithbenjamin@example.org,2025-07-02 07:54:26,VIP
415,David James,jessicafrost@example.net,2026-02-15 04:42:43,REGULAR
375,Michael Gilmore,batesalexander@example.org,2025-06-05 15:41:08,REGULAR
494,Wesley Walter,denisejohnson@example.com,2025-06-25 11:43:11,VIP
241,Lee Henderson,jmarshall@example.com,2025-07-06 12:47:28,VIP
183,Sherri Mcdaniel,kristymorgan@example.net,2025-02-27 12:01:37,REGULAR
461,Cassandra Moore,wardjody@example.net,2025-06-09 03:05:59,VIP
230,Kristina Brown,portermelissa@example.com,2025-11-09 21:44:09,VIP
176,Brianna Moore,pateljohn@example.com,2026-01-25 20:37:58,PREMIUM
110,Joel Martin,matthewschristopher@example.org,2026-02-08 07:06:46,PREMIUM
363,Mr. Stephen Guerra,duranjoseph@example.com,2025-12-29 20:16:53,PREMIUM
123,John Morrison,andreamueller@example.com,2026-06-02 11:47:46,PREMIUM
16,Hannah Martinez,harrellmargaret@example.com,2025-06-02 16:32:00,REGULAR
340,Kimberly Castro,meyerjohn@example.com,2024-12-24 18:53:58,VIP
165,Richard Lee,sweeneyjames@example.com,2025-09-14 06:41:40,REGULAR
392,Daniel Fox,hawkinsmartin@example.net,2025-01-31 17:58:23,REGULAR
78,Nicole Garner,robinsonanthony@example.com,2026-03-25 15:11:18,REGULAR
134,Michael Butler,jacob63@example.com,2025-06-11 19:31:38,PREMIUM
265,Brittany Harding,allisonisaac@example.org,2026-03-19 13:11:34,REGULAR
222,Stephen Taylor,herreramichael@example.org,2025-04-04 15:59:45,PREMIUM
201,Donna Powers MD,carteralan@example.org,2026-02-19 20:24:26,REGULAR
485,Ruben Pena,pwarner@example.org,2025-09-06 03:19:24,VIP
405,Kerry Wilson,hannah36@example.net,2025-01-22 19:16:43,REGULAR
158,John Chapman,melissavelasquez@example.org,2025-09-06 20:43:39,PREMIUM
358,Virginia Mason,lfarmer@example.org,2024-09-17 13:33:37,VIP
259,Dawn Collins MD,oyoung@example.com,2026-07-13 13:39:34,PREMIUM
431,Ernest Snyder DDS,ncraig@example.com,2025-10-04 06:16:44,VIP
28,Paul Benton,zklein@example.org,2025-07-30 12:59:02,PREMIUM
353,Katherine Higgins,allensmith@example.org,2025-12-11 08:49:10,PREMIUM
355,Victor Dunn,rthomas@example.org,2025-08-31 22:15:42,REGULAR
499,Kimberly Valdez,sneal@example.net,2025-01-22 11:44:16,VIP
200,Sean Torres,katrina61@example.net,2026-07-18 14:54:50,PREMIUM
115,Tommy Mercado,fortiz@example.org,2026-01-29 22:39:26,REGULAR
413,John Warren,thomasmelissa@example.org,2025-08-12 19:33:46,PREMIUM
294,Bethany Bell,yangandrea@example.com,2026-05-29 10:31:25,PREMIUM
330,Dawn Ray,cscott@example.net,2024-08-08 23:20:21,PREMIUM
30,Andrew Pruitt,ncox@example.org,2025-10-26 08:31:57,PREMIUM
334,Julie Yates,hjohnson@example.net,2026-03-20 08:29:39,PREMIUM
108,John Lynch,vsavage@example.com,2024-11-23 17:52:04,REGULAR
411,Daisy Cross,joseph83@example.org,2026-04-02 02:22:06,VIP
320,Christopher Pitts,gomezshelby@example.com,2026-05-04 09:06:56,REGULAR
256,Jim Mosley,pramirez@example.net,2026-07-29 21:27:39,VIP
362,James Duncan,victor43@example.net,2026-07-01 10:05:44,PREMIUM
45,Jason Perez,kerri76@example.com,2025-09-12 16:37:15,VIP
401,Rose Kline,thompsonrobin@example.com,2025-10-12 00:35:38,REGULAR
83,Ashley Murphy,gibsonhannah@example.com,2025-07-05 10:49:28,PREMIUM
466,Patricia Riley,brownjulie@example.com,2026-07-27 03:32:39,REGULAR
61,Nicole Clark,westmatthew@example.org,2025-08-08 11:56:32,VIP
202,Frank Kelley,nicolehoffman@example.net,2025-05-05 14:20:41,VIP
341,Benjamin Smith,joseph55@example.org,2026-03-12 21:09:43,PREMIUM
92,Charles Matthews,parkeramy@example.org,2025-08-27 14:10:10,VIP
4,Theresa Cross,goodamy@example.net,2024-11-05 18:01:56,VIP
34,Nicole Johnson,khood@example.org,2025-12-11 04:30:14,VIP
14,Priscilla Rivera,mary54@example.net,2024-10-29 09:32:32,REGULAR
57,Kristi Silva,samuel49@example.net,2025-07-07 18:09:29,REGULAR
364,Jose Rodriguez,elizabeth12@example.org,2024-09-08 08:52:12,VIP
385,Alicia Barber,perkinsashley@example.net,2024-11-13 11:08:58,PREMIUM
67,Dawn Sutton,oevans@example.org,2024-12-16 22:51:08,PREMIUM
462,Shannon Bright,ymoore@example.net,2025-02-06 08:07:33,VIP
281,Gina Smith,wolfedanielle@example.org,2026-06-28 19:36:20,VIP
2,Tracy Yates,deborah73@example.org,2025-03-13 21:06:02,REGULAR
76,Kiara Gilmore,betty89@example.net,2025-02-15 09:31:35,VIP
333,Allen Mccarthy,lisa50@example.com,2026-07-14 15:05:45,REGULAR
423,Timothy Zamora,catherine86@example.com,2025-09-12 21:58:23,VIP
111,Jade Hernandez,beverly98@example.com,2026-02-25 20:40:07,REGULAR
107,Lori Pratt,lespinoza@example.com,2024-12-04 00:28:24,PREMIUM
492,Dennis Park,robert44@example.org,2025-04-23 00:33:21,PREMIUM
106,Tiffany Campbell,buckrobert@example.com,2025-08-21 18:57:01,REGULAR
65,Renee Bean,michaeltucker@example.org,2026-01-31 00:21:34,VIP
125,Micheal Cherry,mdouglas@example.com,2025-06-11 04:56:20,REGULAR
171,Donna Williams,davilacrystal@example.net,2025-08-16 10:00:25,REGULAR
397,Robert Cruz,ronald44@example.org,2025-03-03 12:01:08,VIP
11,Brian Stanton,ophillips@example.com,2025-07-06 02:11:52,REGULAR
109,Alice White,johnlarson@example.org,2024-09-25 19:08:19,PREMIUM
436,Rachel Anderson,christopherwilliams@example.com,2025-08-26 00:54:13,VIP
304,Dr. Michael Beck MD,wbrown@example.net,2024-11-11 11:44:50,PREMIUM
63,Robin Stephens,wardcandace@example.org,2025-07-18 11:29:47,REGULAR
387,Ryan Carlson,wardbrandon@example.com,2026-03-23 19:28:38,REGULAR
142,Kathryn Leonard,zgrimes@example.org,2026-04-12 11:05:15,VIP
345,Tristan West,dbond@example.com,2025-10-16 07:12:39,PREMIUM
32,Amanda Thomas,jenny17@example.org,2026-08-03 19:03:52,REGULAR
410,Elizabeth Jones,tuckerrichard@example.org,2025-07-13 22:41:34,PREMIUM
279,Emma Crosby,reynoldsryan@example.com,2024-11-28 20:04:22,PREMIUM
335,William Young,kellyrobbins@example.org,2024-10-05 05:39:27,PREMIUM
298,Ian Castro,frenchaaron@example.com,2025-08-01 17:52:24,VIP
186,Zachary Brown,kenneth25@example.org,2026-06-10 17:39:56,VIP
308,Jeffrey Brown MD,zoliver@example.org,2025-04-12 18:57:05,REGULAR
291,Martin Garner,haydenkennedy@example.com,2024-08-30 07:53:16,PREMIUM
476,Gerald Patterson,logantaylor@example.com,2025-01-25 03:57:35,VIP
112,Jesus Cochran,julieperry@example.net,2026-01-05 17:48:32,VIP
303,Ashley Weber,sbrown@example.org,2025-03-10 18:58:46,PREMIUM
17,Ernest Hill,nathan32@example.net,2026-04-23 09:59:04,PREMIUM
144,Brittney Nguyen,johnstonjustin@example.org,2025-08-05 23:49:17,VIP
209,Melinda Howe,richard83@example.org,2026-05-30 17:27:24,PREMIUM
251,Dustin Patton,joshuawilliams@example.com,2025-03-27 00:16:35,PREMIUM
482,Kenneth Farrell,collinhoffman@example.org,2024-08-25 03:46:00,PREMIUM
365,Daniel Moran,smithrachel@example.org,2025-12-21 15:26:18,VIP
80,James Jones,cindy52@example.com,2026-03-15 06:25:17,PREMIUM
215,Angela Powers,xcampbell@example.org,2026-01-31 00:36:59,VIP
479,Janet Willis,dferguson@example.org,2025-02-03 23:19:33,VIP
190,Laura Hernandez,gregoryclark@example.net,2025-01-24 23:03:47,REGULAR
336,Nancy Harris,bfreeman@example.com,2026-01-16 22:59:09,PREMIUM
199,Ethan Duran,helen64@example.net,2026-06-13 14:54:53,REGULAR
70,Katelyn Hendricks,craigwilliams@example.com,2026-06-12 21:48:37,REGULAR
276,Thomas Olson,rogerherrera@example.com,2025-05-26 23:26:55,REGULAR
491,Savannah Barnes,randallparker@example.com,2026-06-04 21:28:12,VIP
378,Keith Fry,martinezdavid@example.com,2025-12-01 13:41:32,VIP
316,Jonathan Johnson,brandon07@example.org,2024-12-13 11:21:39,PREMIUM
253,Ashlee Gonzalez,simmonskyle@example.com,2025-10-24 11:26:08,REGULAR
156,Mary Bennett,sonia65@example.net,2026-02-22 12:44:20,REGULAR
20,April Coleman,epatterson@example.com,2025-08-25 04:27:53,REGULAR
470,Lisa Shepherd,bergjillian@example.net,2025-12-05 22:47:35,REGULAR
72,David Patel,michael37@example.org,2025-05-31 03:00:13,PREMIUM
60,Keith Jackson,nmaynard@example.net,2025-10-25 04:10:48,PREMIUM
210,Thomas Anderson DDS,lgibson@example.org,2026-05-18 11:45:02,PREMIUM
418,Peggy Jimenez,anne20@example.net,2024-08-19 19:22:59,REGULAR
238,Diane Stewart,kaitlynmartinez@example.com,2025-05-10 11:20:45,VIP
33,Heather Gonzalez,michaelanderson@example.org,2026-04-12 14:15:29,REGULAR
114,Chad Andrews,george17@example.net,2025-12-01 11:20:26,REGULAR
451,Denise Knapp,julie56@example.com,2026-08-06 17:58:30,VIP
366,Pamela Hammond,kylemoore@example.net,2026-05-26 01:51:20,PREMIUM
288,Kristine Brewer,melissa28@example.net,2026-02-17 18:58:28,VIP
386,Jeff Myers,msimpson@example.com,2024-08-24 00:15:29,PREMIUM
13,Rachel Chambers,kara91@example.org,2025-03-16 18:06:49,REGULAR
242,Matthew Johnson,powellcarmen@example.org,2026-06-13 17:33:36,PREMIUM
120,Cindy Martinez,jaimelowe@example.org,2024-08-19 16:35:02,VIP
56,Tracy Hernandez,twilson@example.com,2025-01-22 01:39:17,REGULAR
191,Matthew Valentine,chad15@example.com,2025-03-20 21:53:36,REGULAR
320,Christopher Pitts,gomezshelby@example.com,2026-05-04 09:06:56,REGULAR
434,Aaron Hale,rodriguezjeremy@example.net,2024-10-03 03:17:40,VIP
300,Alexis Smith,huangkaren@example.com,2026-06-03 07:02:38,PREMIUM
135,Keith Barrett,shull@example.org,2026-04-09 21:28:14,VIP
189,Anthony Morris,urussell@example.net,2024-11-20 02:10:29,VIP
233,Mary Page,johnsutton@example.net,2026-07-17 22:52:43,REGULAR
64,Erica Duffy,jill44@example.org,2026-01-02 00:16:55,VIP
275,Mr. Kyle Hernandez PhD,iolson@example.com,2025-09-07 08:22:44,REGULAR
136,Charles Smith,mthomas@example.org,2025-10-06 13:37:09,VIP
8,Beverly Rich,jessicasnyder@example.net,2026-03-03 07:45:35,VIP
403,Mark Becker,justincunningham@example.org,2025-06-17 07:24:37,REGULAR
500,John Morales,youngsierra@example.net,2024-11-20 23:15:20,REGULAR
360,Janet Reynolds,brandy25@example.com,2024-09-10 14:00:10,REGULAR
286,Michael Brown,tsellers@example.com,2026-04-25 14:38:04,PREMIUM
204,Kevin Sparks,millerkristina@example.com,2026-07-28 10:09:53,REGULAR
355,Victor Dunn,rthomas@example.org,2025-08-31 22:15:42,REGULAR
116,Amanda Gray,bradpeters@example.com,2025-08-10 04:59:34,REGULAR
73,Johnathan Oneill,bhardy@example.com,2025-07-14 20:44:39,VIP
39,Laura Gonzalez,sanderskurt@example.com,2026-06-09 13:29:36,VIP
240,Joann Hansen,wendycruz@example.org,2024-10-23 09:50:50,REGULAR
59,Austin Davis,harryleonard@example.com,2024-10-30 01:23:55,PREMIUM
174,Michelle Williams,shawnryan,2026-03-16 04:02:12,REGULAR
367,Stephanie Mueller,rebecca70@example.com,2025-04-02 23:30:42,PREMIUM
247,Christina Oneal,justinthomas@example.org,2025-10-18 01:12:22,VIP
132,Teresa Weaver,pnorman@example.com,2026-07-25 13:51:01,REGULAR
85,Omar Gonzales,tommyjohnson@example.org,2026-02-15 22:29:06,REGULAR
140,James Hill,molinakevin@example.net,2025-08-17 11:04:25,REGULAR
257,Amber Fisher,williamwatts@example.org,2024-09-04 13:57:19,REGULAR
460,Kimberly Stone,walteraaron@example.org,2026-06-13 15:31:03,VIP
188,Carolyn Gibson,mistymckinney@example.org,2025-12-02 11:43:26,PREMIUM
277,Jessica Taylor,oliviahernandez@example.net,2025-03-19 04:46:44,REGULAR
369,Penny Edwards,xhamilton@example.org,2024-09-07 09:05:53,REGULAR
103,Ian Stafford,elynch@example.org,2026-08-01 04:59:29,PREMIUM
453,Jessica Reese,charles74@example.net,2025-04-06 19:47:28,PREMIUM
213,Linda Lawrence,perezmax@example.net,2025-10-27 16:56:59,PREMIUM
168,Mrs. Courtney Campbell DVM,christian99@example.org,2026-03-17 02:44:04,PREMIUM
456,Sherry Grant,collinsaustin@example.net,2024-12-16 12:03:27,VIP
484,Allison Stewart,sarahyoung@example.net,2026-05-26 11:04:22,PREMIUM
68,Brian Harris,harrisjoseph,2026-02-16 00:57:40,VIP
187,Nicole Tucker DVM,fbrown@example.org,2025-03-06 16:12:36,VIP
297,Anthony Johnson,warealex@example.net,2026-08-03 00:14:22,VIP
18,Rhonda Jenkins DDS,katrinasmith@example.com,2025-08-29 04:37:17,PREMIUM
226,Jessica Flores,cherrytristan@example.org,2025-09-30 00:01:01,PREMIUM
159,Stephanie Sampson,christopherdominguez@example.net,2025-08-02 23:05:19,VIP
21,Francisco Woods,charles79@example.com,2025-12-28 08:02:12,VIP
331,Whitney Best,kbaker@example.com,2026-03-06 02:40:47,VIP
379,Jasmine Williams,sarah88@example.com,2025-02-06 22:36:55,PREMIUM
50,Noah Mcdaniel,claytonflores@example.net,2025-05-28 15:56:05,VIP
322,Nicholas Johnson,nyoung@example.net,2024-08-30 08:33:22,PREMIUM
71,Lori Lewis,james87@example.com,2025-06-23 22:43:39,REGULAR
349,Julia Bates,williamsjonathan@example.net,2025-11-16 16:53:07,PREMIUM
404,Steven Robinson,michael56@example.com,2026-03-12 00:20:19,PREMIUM
370,Stephanie Chaney,vgardner@example.net,2025-11-04 06:43:43,VIP
348,Travis Macias,sanchezcarlos@example.com,2025-07-12 03:25:10,REGULAR
420,Mrs. Megan Moore,adam36@example.net,2026-05-12 09:51:38,VIP
448,Robert Johnson,nancylopez@example.net,2026-03-25 07:44:31,PREMIUM
98,Laura Murillo,laurenhurst@example.net,2024-12-18 09:07:26,REGULAR
326,Sergio Dennis,jasonmorris@example.com,2024-11-06 10:28:06,VIP
113,Luis Harris,rsmith@example.com,2025-03-24 04:19:46,PREMIUM
181,Ivan Carlson,mirandadavis@example.net,2025-01-28 13:22:27,PREMIUM
396,Daniel Jones,moorejeffrey@example.com,2025-12-21 20:52:25,VIP
118,Amanda Leon,dnolan@example.net,2026-02-11 17:55:32,REGULAR
147,Mr. Kenneth Wood MD,ronaldbaker@example.org,2025-07-01 05:53:28,PREMIUM
445,Edward Hoffman,wjordan@example.com,2026-04-25 19:34:39,PREMIUM
398,Charles Holmes,knightjanice@example.net,2025-09-19 11:23:56,PREMIUM
311,Karen Moore,shannon80@example.org,2025-06-22 19:14:06,REGULAR
26,Heather Moore,john72@example.net,2025-07-03 04:24:46,VIP
382,Monica Caldwell,gflynn@example.com,2025-06-11 01:49:38,VIP
352,Roy Griffin,lpham@example.net,2024-08-13 02:27:30,VIP
458,Elizabeth Mitchell,miranda96@example.org,2025-06-22 06:41:10,VIP
435,Pamela Shields,caldwellheather@example.com,2025-03-19 23:57:10,REGULAR
141,Amy Gomez,josephnorman@example.org,2025-06-03 22:49:48,VIP
203,Kristen Smith,kimberlyjordan@example.com,2025-12-21 16:29:28,PREMIUM
338,Thomas Smith,lawrenceadams@example.com,2025-09-12 14:33:09,VIP
12,Nancy Lee,trevor84@example.com,2024-11-15 07:00:39,PREMIUM
468,Jerry Smith,conniekeller@example.com,2025-11-21 12:30:43,VIP
359,Jamie Jackson,scruz@example.com,2025-04-22 04:12:30,PREMIUM
152,Rachel White,dudleydavid,2024-11-18 14:33:41,VIP
295,Deborah Davis,kpoole@example.net,2025-06-02 11:08:52,VIP
465,Francisco Kelley,brownalicia@example.com,2026-06-19 04:12:07,REGULAR
293,Natasha Solis,yumegan@example.com,2025-05-06 06:07:41,VIP
449,Casey Russell,danielyoung@example.com,2026-08-06 00:36:04,PREMIUM
122,Michael Walker,broberts@example.net,2026-07-20 01:15:35,REGULAR
55,John Taylor,jessicavance@example.net,2026-04-12 16:24:46,REGULAR
248,Mariah Lloyd,ojones@example.com,2025-08-25 20:36:53,REGULAR
197,Cameron Shaw,andrew42@example.net,2025-11-08 17:39:04,VIP
102,Amanda Coleman,zanderson@example.net,2026-02-21 03:39:19,REGULAR
155,Mariah Garcia,donna16@example.org,2024-10-20 04:39:28,REGULAR
234,Christine Mason,ylopez@example.org,2025-06-12 12:15:54,REGULAR
129,Michael Wood,martinjerome@example.net,2025-08-31 23:16:16,VIP
354,Craig Crawford,samanthacox@example.net,2025-06-23 02:31:39,VIP
218,Ernest Crosby,ewright@example.com,2026-04-03 20:49:27,VIP
328,Dawn Ellis,mary88@example.com,2025-12-22 18:17:08,REGULAR
473,Timothy Wilson,campbellcathy@example.org,2025-02-28 17:07:01,REGULAR
301,Mary Wood,josephrogers@example.org,2024-11-26 17:20:03,REGULAR
177,Charles Martinez,williamsjohn@example.org,2025-06-07 13:05:56,PREMIUM
227,Nicholas Gonzalez,julieschwartz@example.com,2024-11-28 19:09:35,VIP
38,Kevin Lopez,olivia72@example.com,2025-03-26 04:32:37,PREMIUM
81,Jennifer Hammond,wsmith@example.net,2024-11-30 10:45:00,REGULAR
280,John Caldwell,erobles@example.net,2026-07-21 04:23:36,PREMIUM
347,Christina Garcia,nicholas14@example.com,2025-02-21 00:10:18,VIP
487,Steven Moore,zamorajenna@example.net,2025-05-30 04:47:40,PREMIUM
239,Felicia Khan,andrewharmon@example.net,2025-03-04 23:16:48,VIP
412,Elizabeth Vasquez,crystalclayton@example.com,2025-01-12 22:53:37,REGULAR
5,Nicole Lambert,heathersanchez@example.com,2026-03-23 15:38:35,REGULAR
342,Megan Contreras,donna32@example.org,2026-03-03 18:26:31,VIP
439,Daniel Hensley,xjohnson@example.com,2026-07-15 21:58:06,PREMIUM
236,Robert Valentine,medinajennifer@example.org,2024-11-14 09:59:38,PREMIUM
131,Jeffrey Harper,barnettrandy@example.org,2026-04-24 01:02:13,PREMIUM
327,Rachel Parker,ejohnson@example.com,2025-05-28 18:48:18,VIP
237,Ian Mitchell,nelsonrobert@example.net,2026-03-28 14:36:02,PREMIUM
119,Anna Jones,cindyrodriguez@example.com,2024-10-10 04:15:38,VIP
74,Teresa Hernandez,cannonjeffrey@example.com,2026-04-26 10:28:13,REGULAR
299,Jerome Calhoun,ilove@example.org,2025-07-07 08:23:56,PREMIUM
255,Max Thompson PhD,randyadams@example.net,2026-04-19 17:45:38,REGULAR
124,Daniel Villegas,eric38@example.org,2026-07-04 07:09:32,PREMIUM
457,Daisy Barron,alyssa17@example.com,2026-07-15 00:09:09,PREMIUM
318,Tracy Rhodes,katherine33@example.com,2024-12-22 04:10:01,VIP
196,Christina Gonzalez,elizabethjohnson@example.com,2024-12-16 13:17:13,PREMIUM
446,Charlene Chen,mayjamie@example.com,2024-10-13 06:37:05,VIP
313,Kimberly Baird,daviddavis@example.org,2026-02-17 04:31:11,REGULAR
41,Christopher Cobb,fcollins@example.com,2026-05-30 01:34:35,REGULAR
90,Kyle Smith,rossbridget@example.net,2025-01-26 18:55:57,VIP
88,Lisa Wilson,seanholland@example.org,2024-08-27 12:58:34,PREMIUM
93,Lisa Donovan,bjackson@example.net,2025-05-05 13:35:11,PREMIUM
406,Antonio Schwartz,leeamy@example.com,2024-09-13 18:43:40,VIP
350,Todd Peterson,callahancasey@example.net,2025-02-26 12:25:29,REGULAR
290,Kayla Gonzalez,matthewmarks@example.com,2024-08-26 08:18:01,PREMIUM
211,Mr. Michael Novak,vgibson@example.org,2026-05-24 19:32:52,VIP
272,Jessica Fitzgerald,amandaellison@example.com,2025-08-08 21:21:18,REGULAR
126,Daniel Jones,darlenerhodes@example.org,2025-03-15 04:50:09,PREMIUM
75,David Payne,fpayne@example.org,2026-03-25 19:17:15,REGULAR
221,Christopher Lynch,jjones@example.com,2026-02-22 13:43:44,REGULAR
192,Carol Morgan,stevenharvey@example.net,2026-05-02 11:58:07,REGULAR
184,Lauren Smith,jeffreykennedy@example.org,2025-11-04 09:44:47,REGULAR
151,Taylor Young,xsmith@example.com,2025-04-27 23:35:17,REGULAR
29,Wendy Robbins,gregory37@example.org,2025-01-28 01:56:53,REGULAR
408,Lauren Haynes,amber37@example.org,2025-12-10 22:14:27,VIP
167,Sheila Ayala,landerson@example.org,2025-08-02 04:27:29,VIP
24,Deborah Cole,whitetravis@example.org,2025-05-18 13:51:44,VIP
15,Kimberly Lane,sthomas@example.org,2025-04-25 20:39:00,PREMIUM
463,Amanda Shaw,dfranklin,2025-07-13 11:29:25,PREMIUM
154,Ruben Williamson,dstokes@example.org,2025-05-15 04:00:52,REGULAR
356,Paige Harris,denise12@example.com,2025-09-13 00:30:37,PREMIUM
86,Michelle Ritter,kylebowen@example.org,2026-06-15 07:55:04,VIP
228,Michael Moore,jacquelinefuentes@example.net,2024-09-18 19:53:07,REGULAR
52,Maurice Warren,michelle53@example.net,2026-04-20 00:59:23,PREMIUM
496,Jeff Mendoza,seanfernandez@example.net,2026-07-06 13:42:09,PREMIUM
361,Ronald Sanchez,josephjasmine@example.org,2026-07-31 08:15:45,PREMIUM
325,Stacey Jackson,matthewbyrd@example.com,2024-10-11 16:48:21,VIP
390,Rebecca Lopez,lewiskenneth@example.net,2026-05-13 23:52:23,REGULAR
51,Jacob Stanley,clarkronald@example.com,2025-01-25 10:38:30,PREMIUM
223,Jesus Wallace,hernandezadam@example.org,2024-08-17 18:13:17,VIP
47,Jennifer Tran,ramirezcandace@example.com,2026-03-12 02:23:10,PREMIUM
383,Julie Garcia,davidhernandez@example.net,2024-08-27 11:10:06,PREMIUM
117,Tara Whitaker,uquinn@example.com,2025-07-08 19:46:53,PREMIUM
148,James Mclaughlin,wdavis@example.com,2025-03-12 23:57:15,PREMIUM
472,Stephen Pena,lamwesley@example.org,2026-05-05 00:28:32,VIP
351,Melissa Ward,deborahmills@example.com,2026-01-01 14:24:32,PREMIUM
324,Russell Stewart MD,ysmith@example.org,2025-10-24 22:18:40,VIP
121,Lisa Booth,cathy06@example.net,2025-09-21 23:29:16,REGULAR
36,Kelly Franklin,bakerrebecca@example.com,2026-07-06 13:24:31,VIP
317,Katelyn Gray,thompsonvictoria@example.net,2026-02-13 02:43:12,REGULAR
19,Grace Townsend,susan37@example.org,2025-09-19 23:25:26,PREMIUM
278,Elizabeth Estes,igonzales@example.net,2026-05-19 00:48:17,PREMIUM
447,Terri Russell,kevin48@example.org,2024-12-08 04:13:36,REGULAR
250,Melanie Nelson,lauraparrish@example.org,2025-11-16 11:57:16,VIP
389,Michael Lowery,harrismicheal@example.net,2026-01-06 10:36:52,REGULAR
455,Devin Mack,twong@example.org,2024-08-25 19:43:10,REGULAR
368,Jasmine Morgan,gabrielle87@example.org,2024-09-12 15:38:30,REGULAR
321,Dean Nguyen,matthew10@example.com,2026-05-17 04:33:22,PREMIUM
163,Christina Kelly,tylerdecker@example.com,2025-01-27 02:18:22,REGULAR
489,Robert Brown,sstevens@example.org,2026-02-28 12:43:02,PREMIUM
195,Kayla Benson,kristyrichardson@example.org,2025-11-04 11:07:43,VIP
274,John Cook,garciaalexandra@example.org,2025-08-16 06:43:04,REGULAR
440,Daniel Wright,timothy67@example.org,2026-03-29 20:02:08,PREMIUM
346,Edward Hines,perezryan@example.org,2025-05-06 00:08:32,PREMIUM
42,Patrick Smith,kristin66@example.org,2025-05-02 05:45:01,REGULAR
169,Laura Gutierrez,kelleykimberly@example.net,2024-11-20 19:36:56,VIP
437,Deanna Conway,jonescalvin@example.org,2025-08-04 17:27:24,PREMIUM
