order_id,customer_id,order_date,status,region_code
668,438,2025-11-02 10:34:05,PLACED,WEST
749,499,2025-11-07 03:28:21,DELIVERED,SOUTH
355,421,2025-09-05 07:39:13,DELIVERED,SOUTH
112,55,2025-12-18 19:11:26,DELIVERED,NORTH
117,202,2025-09-25 14:36:41,PLACED,EAST
696,,2025-09-01 01:34:30,CANCELLED,WEST
357,314,2025-11-28 01:13:14,SHIPPED,SOUTH
689,303,2025-10-30 13:33:21,RETURNED,EAST
438,351,2026-01-15 15:49:40,CANCELLED,WEST
140,248,2026-02-10 18:22:43,PLACED,SOUTH
670,268,2025-12-08 01:19:42,PLACED,NORTH
437,411,2025-12-26 11:01:16,CANCELLED,NORTH
608,,2026-07-21 04:50:13,RETURNED,EAST
622,307,2025-10-14 00:00:00,SHIPPED,EAST
546,90,2026-06-14 20:12:08,PLACED,SOUTH
643,211,2026-01-17 18:17:58,SHIPPED,NORTH
56,494,2025-09-26 10:51:19,DELIVERED,SOUTH
394,432,2026-05-02 16:33:46,DELIVERED,WEST
208,392,2026-02-01 15:48:33,PLACED,WEST
385,253,2026-05-15 03:48:56,RETURNED,WEST
41,303,2026-03-27 06:56:06,RETURNED,WEST
306,12,2025-11-30 22:08:22,DELIVERED,SOUTH
198,493,2026-02-22 09:52:09,CANCELLED,NORTH
569,223,2025-10-05 03:25:30,RETURNED,SOUTH
589,273,2026-03-23 15:51:00,RETURNED,EAST
644,258,2025-12-03 19:26:23,SHIPPED,NORTH
144,496,2026-08-07 12:47:35,DELIVERED,EAST
255,317,2026-03-23 13:49:20,RETURNED,WEST
442,434,2025-11-28 14:39:20,DELIVERED,SOUTH
254,36,2025-08-30 07:41:40,DELIVERED,NORTH
170,131,2026-05-24 08:04:16,SHIPPED,NORTH
279,307,2026-03-07 11:37:54,RETURNED,SOUTH
791,50,2026-03-31 02:56:53,RETURNED,SOUTH
698,200,2025-09-16 17:48:44,PLACED,WEST
289,360,2026-07-26 03:22:02,PLACED,EAST
314,435,2026-04-23 15:33:14,PLACED,WEST
697,357,2025-10-01 14:41:25,PLACED,EAST
123,372,2025-11-15 12:28:06,DELIVERED,EAST
785,25,2026-01-08 08:13:38,DELIVERED,EAST
392,384,2026-02-02 18:57:57,PLACED,NORTH
566,327,2025-08-25 14:35:01,SHIPPED,SOUTH
340,306,2026-03-09 11:04:32,SHIPPED,SOUTH
417,140,2025-11-16 21:20:42,CANCELLED,SOUTH
183,41,2025-10-26 20:06:32,CANCELLED,WEST
534,88,2026-03-17 22:26:38,PLACED,NORTH
50,446,2026-02-03 04:02:17,CANCELLED,EAST
319,244,2026-06-24 09:33:40,PLACED,WEST
128,329,2026-06-18 00:50:26,DELIVERED,SOUTH
352,286,2026-07-13 11:20:50,PLACED,SOUTH
80,75,2025-12-21 22:26:14,DELIVERED,SOUTH
253,381,2026-02-13 11:42:43,DELIVERED,WEST
735,422,2025-10-10 08:15:14,DELIVERED,SOUTH
781,,2026-06-11 16:18:19,CANCELLED,WEST
95,275,2025-10-02 15:31:55,DELIVERED,SOUTH
58,433,2025-08-13 13:41:39,RETURNED,WEST
316,358,2026-04-28 02:11:24,PLACED,WEST
465,9,2026-06-18 06:15:09,CANCELLED,WEST
86,467,2026-03-30 04:55:33,DELIVERED,SOUTH
4,292,2026-01-04 17:16:22,CANCELLED,SOUTH
384,,2026-04-06 19:20:59,CANCELLED,NORTH
490,387,2026-04-11 13:27:19,PLACED,SOUTH
655,103,2025-12-29 13:18:42,DELIVERED,NORTH
583,239,2026-06-07 08:47:50,DELIVERED,EAST
181,494,2026-03-04 11:54:59,PLACED,SOUTH
335,103,2026-01-31 09:38:17,RETURNED,EAST
283,33,2026-03-19 06:18:03,RETURNED,WEST
554,,2026-02-22 19:41:29,RETURNED,SOUTH
222,256,2026-03-27 17:26:12,RETURNED,EAST
550,321,2025-08-21 12:02:26,DELIVERED,NORTH
659,367,2025-09-27 17:06:32,DELIVERED,SOUTH
195,287,2025-12-15 00:00:00,DELIVERED,EAST
618,7,2026-05-07 00:34:33,DELIVERED,EAST
34,347,2026-05-04 11:02:44,PLACED,NORTH
607,486,2026-07-13 09:04:29,DELIVERED,SOUTH
204,383,2026-01-06 11:45:59,SHIPPED,WEST
586,386,2025-08-23 11:41:57,SHIPPED,SOUTH
535,305,2026-04-22 05:37:54,SHIPPED,NORTH
701,434,2026-03-30 20:45:45,PLACED,SOUTH
738,475,2026-07-06 09:04:59,CANCELLED,NORTH
220,285,2026-06-17 17:19:20,CANCELLED,SOUTH
125,163,2025-11-07 07:47:14,DELIVERED,EAST
308,299,2026-02-06 12:52:59,DELIVERED,EAST
113,475,2026-02-15 05:31:18,CANCELLED,NORTH
570,460,2025-10-08 00:00:00,PLACED,NORTH
360,252,2026-04-03 02:25:18,SHIPPED,SOUTH
515,137,2025-10-16 01:16:32,DELIVERED,WEST
186,,2025-09-08 09:25:57,RETURNED,EAST
656,434,2025-10-21 21:20:35,DELIVERED,EAST
784,376,2026-02-11 08:38:29,RETURNED,SOUTH
381,365,2026-04-08 00:00:00,DELIVERED,EAST
411,417,2026-02-27 13:48:05,PLACED,EAST
603,60,2026-07-11 00:00:00,DELIVERED,SOUTH
315,269,2026-02-06 00:00:00,RETURNED,SOUTH
148,177,2026-05-24 06:30:21,CANCELLED,NORTH
27,426,2026-07-11 00:17:36,SHIPPED,EAST
590,189,2025-10-04 23:37:56,PLACED,SOUTH
743,43,2025-11-20 15:20:34,SHIPPED,SOUTH
624,303,2026-05-05 03:18:35,PLACED,NORTH
103,490,2026-07-16 07:28:36,RETURNED,NORTH
774,58,2026-02-23 11:30:34,SHIPPED,NORTH
478,409,2026-08-03 14:50:15,SHIPPED,NORTH
284,350,2025-12-11 20:11:06,RETURNED,SOUTH
223,154,2026-06-21 02:59:36,RETURNED,NORTH
768,449,2026-07-14 18:51:20,DELIVERED,EAST
492,362,2025-10-17 07:58:22,DELIVERED,SOUTH
285,166,2025-09-17 20:45:02,DELIVERED,NORTH
651,397,2026-04-27 14:29:08,CANCELLED,NORTH
39,245,2026-01-31 01:25:40,SHIPPED,NORTH
474,268,2026-01-29 06:06:16,PLACED,SOUTH
685,,2026-03-22 04:18:36,DELIVERED,SOUTH
736,83,2025-10-14 09:36:19,DELIVERED,WEST
177,287,2025-08-15 23:57:51,DELIVERED,EAST
189,45,2025-09-16 12:44:14,CANCELLED,EAST
649,356,2025-11-17 21:00:55,SHIPPED,EAST
134,109,2026-02-22 21:52:31,RETURNED,EAST
187,402,2025-12-23 20:55:53,RETURNED,SOUTH
246,413,2025-12-07 00:00:00,DELIVERED,EAST
184,267,2026-03-04 20:46:27,RETURNED,NORTH
616,202,2026-04-05 22:21:40,DELIVERED,NORTH
436,387,2026-07-23 16:44:58,RETURNED,SOUTH
726,55,2025-09-29 11:11:12,DELIVERED,WEST
377,362,2026-07-02 10:50:30,DELIVERED,NORTH
396,357,2026-06-28 06:56:26,PLACED,NORTH
376,355,2026-06-09 12:52:28,SHIPPED,NORTH
338,,2026-04-13 02:34:15,CANCELLED,SOUTH
684,437,2026-01-19 19:44:27,CANCELLED,NORTH
521,492,2025-12-11 09:32:50,CANCELLED,EAST
669,189,2025-08-27 13:08:24,CANCELLED,NORTH
336,336,2026-03-19 11:35:50,PLACED,WEST
694,332,2026-04-26 22:05:19,PLACED,NORTH
100,277,2026-06-15 22:05:55,PLACED,EAST
92,321,2026-05-12 14:44:37,DELIVERED,WEST
313,223,2026-01-22 17:06:50,PLACED,SOUTH
91,80,2025-12-06 00:00:00,DELIVERED,NORTH
555,15,2025-12-18 03:25:14,PLACED,NORTH
513,38,2026-08-02 00:00:00,DELIVERED,WEST
406,282,2025-09-21 04:28:32,PLACED,NORTH
700,154,2026-02-11 18:19:16,CANCELLED,SOUTH
391,146,2026-03-06 09:58:04,RETURNED,SOUTH
524,324,2026-05-16 00:44:15,SHIPPED,SOUTH
101,261,2025-10-19 21:08:46,PLACED,EAST
547,314,2025-08-14 07:32:54,DELIVERED,EAST
304,146,2026-01-09 04:23:22,RETURNED,SOUTH
45,336,2026-08-01 22:47:47,RETURNED,SOUTH
658,35,2025-09-09 00:00:00,RETURNED,NORTH
578,361,2025-08-22 04:51:14,PLACED,WEST
122,38,2026-01-20 07:44:08,PLACED,EAST
387,281,2025-09-05 12:13:28,RETURNED,SOUTH
468,218,2026-03-01 00:48:34,CANCELLED,WEST
633,290,2025-12-26 03:32:45,DELIVERED,WEST
329,318,2026-01-22 19:15:53,DELIVERED,NORTH
118,380,2026-04-16 13:54:53,DELIVERED,SOUTH
262,459,2026-06-11 08:06:44,CANCELLED,NORTH
160,262,2025-09-05 09:20:21,DELIVERED,WEST
83,402,2025-10-12 23:06:42,DELIVERED,NORTH
337,340,2026-01-13 01:05:11,DELIVERED,NORTH
188,346,2026-05-11 00:00:00,SHIPPED,NORTH
339,261,2025-09-09 01:00:45,PLACED,EAST
491,244,2026-02-08 21:39:38,RETURNED,SOUTH
582,466,2025-09-15 00:12:21,PLACED,NORTH
240,378,2026-03-13 17:45:06,SHIPPED,SOUTH
245,328,2026-06-19 11:20:38,DELIVERED,WEST
587,460,2025-10-02 15:05:33,CANCELLED,EAST
463,432,2026-01-18 18:29:38,CANCELLED,SOUTH
596,12,2026-05-24 04:26:37,SHIPPED,EAST
615,,2025-12-01 11:51:35,CANCELLED,NORTH
264,18,2026-05-19 17:15:31,PLACED,SOUTH
36,458,2026-06-11 21:17:39,RETURNED,EAST
446,197,2026-05-27 00:00:00,SHIPPED,WEST
598,357,2025-11-05 07:46:42,RETURNED,WEST
793,217,2026-06-11 13:08:24,RETURNED,SOUTH
775,105,2025-09-23 17:39:20,SHIPPED,SOUTH
18,68,2026-07-12 20:47:20,PLACED,SOUTH
145,292,2025-12-21 01:15:22,CANCELLED,EAST
137,262,2026-06-11 00:00:00,DELIVERED,NORTH
448,343,2025-11-24 00:00:00,RETURNED,WEST
362,114,2026-03-11 09:18:52,SHIPPED,SOUTH
261,398,2025-10-08 12:45:51,RETURNED,WEST
363,475,2026-07-29 10:45:22,CANCELLED,WEST
563,17,2025-08-15 14:34:26,PLACED,EAST
55,19,2025-10-21 11:04:52,PLACED,NORTH
162,104,2025-08-19 23:55:49,RETURNED,WEST
766,60,2026-08-07 04:25:59,SHIPPED,WEST
98,178,2025-08-23 20:37:40,RETURNED,SOUTH
327,474,2026-04-30 10:49:40,SHIPPED,EAST
65,24,2025-12-13 02:18:40,RETURNED,NORTH
477,464,2026-06-18 08:51:05,DELIVERED,WEST
70,197,2025-08-23 05:56:48,RETURNED,SOUTH
538,407,2026-06-05 21:54:05,PLACED,SOUTH
647,306,2025-10-06 04:24:47,DELIVERED,SOUTH
680,320,2025-08-21 00:00:00,PLACED,WEST
610,374,2026-05-03 22:54:30,CANCELLED,EAST
462,340,2026-01-27 17:21:53,SHIPPED,SOUTH
75,333,2025-11-04 08:25:47,SHIPPED,EAST
325,305,2025-10-17 18:18:57,DELIVERED,SOUTH
239,80,2025-12-06 00:00:00,CANCELLED,EAST
1,28,2026-05-18 17:47:26,RETURNED,NORTH
562,100,2025-09-25 20:33:37,DELIVERED,SOUTH
116,285,2026-06-02 15:11:46,PLACED,NORTH
221,492,2026-05-15 14:46:38,CANCELLED,NORTH
407,175,2026-07-26 20:14:28,RETURNED,NORTH
138,435,2026-08-06 22:56:46,RETURNED,SOUTH
754,196,2026-01-16 06:19:36,SHIPPED,SOUTH
788,,2026-06-17 19:24:28,CANCELLED,WEST
429,,2026-03-26 14:20:20,RETURNED,NORTH
764,134,2025-08-17 16:15:48,CANCELLED,EAST
523,200,2025-11-17 09:45:41,DELIVERED,WEST
37,48,2026-03-28 07:12:33,DELIVERED,SOUTH
201,135,2026-04-29 02:35:54,PLACED,WEST
724,47,2026-06-13 06:39:30,PLACED,EAST
799,25,2026-02-11 11:26:38,PLACED,NORTH
359,310,2025-10-16 02:16:47,DELIVERED,SOUTH
683,17,2025-08-11 16:24:13,PLACED,WEST
761,182,2025-08-26 06:48:07,RETURNED,NORTH
455,349,2026-02-24 00:11:13,DELIVERED,EAST
374,166,2026-01-12 12:13:42,SHIPPED,WEST
78,268,2026-04-03 14:39:45,CANCELLED,SOUTH
636,355,2025-12-16 17:05:22,SHIPPED,NORTH
202,421,2026-01-15 17:25:03,RETURNED,SOUTH
269,86,2026-04-24 20:55:03,RETURNED,NORTH
332,268,2025-10-09 07:45:18,RETURNED,WEST
286,338,2026-05-05 00:00:00,SHIPPED,SOUTH
351,466,2026-04-20 01:33:25,SHIPPED,SOUTH
26,402,2026-01-16 15:13:49,SHIPPED,SOUTH
358,184,2025-11-03 00:00:00,CANCELLED,SOUTH
250,281,2026-07-06 16:05:28,CANCELLED,WEST
676,76,2025-12-07 07:26:39,PLACED,NORTH
242,240,2026-06-09 19:17:48,RETURNED,EAST
5,367,2025-10-16 04:06:25,PLACED,WEST
333,73,2026-05-06 17:10:24,PLACED,WEST
549,442,2026-03-21 15:48:53,RETURNED,SOUTH
693,183,2026-07-15 17:47:18,PLACED,SOUTH
237,53,2026-07-28 00:00:00,CANCELLED,NORTH
8,391,2025-09-16 22:56:38,SHIPPED,WEST
630,428,2025-11-17 11:40:14,PLACED,EAST
404,,2026-07-22 02:31:44,SHIPPED,NORTH
612,60,2025-12-07 08:59:12,CANCELLED,SOUTH
572,246,2025-12-28 07:50:35,PLACED,WEST
119,331,2025-12-22 09:45:42,SHIPPED,SOUTH
82,346,2025-12-24 23:33:21,SHIPPED,WEST
16,462,2026-02-26 23:33:13,SHIPPED,SOUTH
69,66,2026-03-30 02:32:17,RETURNED,EAST
691,188,2026-01-13 17:03:37,RETURNED,NORTH
786,381,2025-08-18 00:00:00,RETURNED,WEST
772,362,2026-01-19 15:11:07,PLACED,WEST
681,104,2026-07-25 12:34:27,CANCELLED,WEST
276,69,2026-05-24 23:48:06,PLACED,WEST
464,447,2026-03-22 18:19:15,SHIPPED,NORTH
503,62,2026-02-06 00:00:00,RETURNED,SOUTH
748,,2025-12-31 00:00:00,RETURNED,SOUTH
731,340,2026-01-10 03:08:24,PLACED,SOUTH
257,53,2026-05-05 08:24:46,SHIPPED,WEST
769,85,2025-11-29 11:28:23,CANCELLED,SOUTH
671,206,2026-04-18 01:33:04,PLACED,SOUTH
678,28,2026-01-24 02:00:12,CANCELLED,NORTH
398,310,2026-06-06 00:31:00,DELIVERED,WEST
758,241,2025-10-06 20:35:46,DELIVERED,WEST
509,31,2026-03-16 12:43:32,DELIVERED,SOUTH
663,264,2026-02-16 19:08:03,PLACED,EAST
212,277,2026-01-27 00:00:00,DELIVERED,WEST
379,195,2026-03-17 00:00:00,SHIPPED,EAST
609,152,2026-03-12 23:05:30,DELIVERED,SOUTH
282,318,2026-06-12 20:56:07,RETURNED,SOUTH
200,212,2026-01-17 12:02:37,RETURNED,NORTH
783,336,2026-07-08 10:13:40,CANCELLED,EAST
30,,2025-12-24 03:00:55,PLACED,WEST
525,,2026-06-10 00:00:00,RETURNED,SOUTH
714,147,2026-05-02 04:19:59,DELIVERED,SOUTH
565,113,2025-09-10 21:00:58,RETURNED,SOUTH
280,80,2026-03-10 12:29:29,DELIVERED,EAST
209,162,2026-05-03 17:16:07,RETURNED,EAST
597,176,2026-04-16 16:15:58,DELIVERED,WEST
389,17,2026-01-18 16:35:26,RETURNED,EAST
330,412,2026-05-14 18:23:01,CANCELLED,WEST
131,42,2026-01-04 02:09:14,SHIPPED,SOUTH
372,331,2026-03-25 09:26:52,RETURNED,NORTH
380,338,2026-06-08 21:06:41,SHIPPED,SOUTH
147,465,2025-08-24 12:16:34,CANCELLED,EAST
561,233,2026-01-05 16:09:26,DELIVERED,SOUTH
318,149,2026-05-18 17:28:21,SHIPPED,SOUTH
564,437,2026-07-11 03:31:10,CANCELLED,SOUTH
59,187,2025-11-11 18:07:52,PLACED,NORTH
47,373,2026-07-24 08:56:05,DELIVERED,WEST
132,454,2025-11-16 00:52:36,PLACED,NORTH
747,194,2025-08-13 16:48:05,RETURNED,SOUTH
516,264,2025-09-19 20:39:12,CANCELLED,WEST
710,273,2026-07-07 08:53:09,CANCELLED,NORTH
328,373,2026-06-17 07:19:01,PLACED,NORTH
661,436,2026-07-13 02:12:56,DELIVERED,SOUTH
307,236,2025-08-20 09:54:23,SHIPPED,EAST
224,354,2026-03-12 21:24:27,SHIPPED,EAST
175,275,2026-07-31 10:32:12,DELIVERED,EAST
12,321,2026-03-13 18:10:58,SHIPPED,EAST
577,448,2026-07-28 02:02:29,SHIPPED,EAST
502,30,2026-06-19 04:53:55,SHIPPED,NORTH
206,428,2026-07-21 22:39:36,RETURNED,EAST
165,67,2026-05-14 21:39:12,RETURNED,NORTH
501,146,2026-07-27 14:23:04,PLACED,NORTH
321,102,2026-03-23 11:22:12,RETURNED,SOUTH
228,333,2026-02-21 10:54:12,SHIPPED,EAST
297,393,2025-12-01 05:24:32,DELIVERED,WEST
716,159,2025-12-30 18:02:56,RETURNED,WEST
721,462,2025-08-10 19:04:45,DELIVERED,NORTH
141,119,2026-03-31 00:00:00,DELIVERED,SOUTH
767,428,2025-11-23 05:30:35,DELIVERED,WEST
93,282,2025-08-20 09:12:51,DELIVERED,SOUTH
581,42,2026-05-19 21:53:41,DELIVERED,NORTH
395,356,2026-05-07 11:37:56,DELIVERED,WEST
10,,2025-11-28 16:25:00,DELIVERED,NORTH
258,120,2026-04-01 00:00:00,PLACED,WEST
408,100,2025-10-04 06:58:10,DELIVERED,WEST
97,386,2025-09-25 17:14:42,CANCELLED,NORTH
390,45,2026-06-21 00:00:00,CANCELLED,SOUTH
292,481,2026-07-01 03:46:39,DELIVERED,NORTH
757,231,2026-07-23 22:11:10,DELIVERED,WEST
296,486,2026-01-29 15:36:15,RETURNED,WEST
278,279,2026-06-04 14:54:47,CANCELLED,EAST
317,386,2025-09-18 12:00:46,RETURNED,NORTH
459,,2026-02-10 02:05:09,DELIVERED,NORTH
44,58,2025-10-10 12:40:02,CANCELLED,NORTH
401,93,2025-11-17 00:01:53,SHIPPED,EAST
704,140,2025-12-19 00:00:00,RETURNED,WEST
288,,2025-12-12 03:55:17,CANCELLED,WEST
545,328,2025-09-12 12:57:54,CANCELLED,WEST
557,383,2026-04-18 19:31:00,DELIVERED,SOUTH
393,166,2025-12-25 03:50:53,CANCELLED,NORTH
13,53,2026-04-17 15:14:21,RETURNED,EAST
85,,2026-01-27 21:48:09,RETURNED,WEST
344,121,2025-12-03 05:34:03,RETURNED,EAST
331,,2025-10-30 05:26:22,RETURNED,SOUTH
143,233,2025-08-09 13:43:08,PLACED,EAST
227,,2026-04-05 00:51:41,RETURNED,SOUTH
730,189,2025-11-11 10:32:02,PLACED,NORTH
277,287,2025-12-29 14:22:50,CANCELLED,SOUTH
755,145,2025-08-15 04:57:09,SHIPPED,WEST
599,291,2026-06-24 08:51:25,DELIVERED,SOUTH
479,306,2026-05-31 00:12:13,RETURNED,EAST
199,133,2025-09-02 00:00:00,SHIPPED,SOUTH
397,323,2025-10-09 21:15:16,PLACED,WEST
798,351,2025-12-18 23:19:30,SHIPPED,WEST
733,122,2026-05-26 00:58:00,CANCELLED,NORTH
522,91,2026-06-17 19:26:28,CANCELLED,SOUTH
46,343,2026-01-02 04:54:17,RETURNED,NORTH
167,23,2025-08-10 11:07:44,CANCELLED,SOUTH
77,458,2026-03-05 02:29:54,DELIVERED,WEST
706,277,2025-11-18 10:34:29,CANCELLED,WEST
778,40,2026-05-19 09:22:59,CANCELLED,NORTH
231,476,2025-09-24 02:14:33,RETURNED,WEST
236,482,2026-02-06 11:19:23,PLACED,SOUTH
752,,2026-07-19 06:00:46,CANCELLED,WEST
473,270,2026-02-08 21:15:01,DELIVERED,WEST
71,494,2025-10-05 09:48:50,DELIVERED,WEST
68,248,2026-02-16 10:37:17,SHIPPED,SOUTH
648,15,2026-01-26 17:24:50,PLACED,SOUTH
719,22,2025-09-29 02:19:08,CANCELLED,NORTH
467,357,2026-01-11 11:15:35,CANCELLED,SOUTH
173,193,2026-04-15 12:40:47,DELIVERED,WEST
232,37,2025-11-14 00:00:00,DELIVERED,SOUTH
488,212,2026-02-24 02:57:46,SHIPPED,WEST
159,211,2026-01-26 21:44:10,RETURNED,SOUTH
471,296,2025-12-24 09:40:29,PLACED,WEST
247,80,2025-11-11 01:53:55,PLACED,SOUTH
421,473,2026-07-02 16:57:39,RETURNED,EAST
740,374,2026-02-24 16:12:53,DELIVERED,WEST
35,456,2026-02-27 00:00:00,SHIPPED,SOUTH
688,438,2026-02-25 14:33:11,PLACED,WEST
281,398,2025-10-01 16:02:35,CANCELLED,SOUTH
553,223,2025-10-10 11:54:17,RETURNED,WEST
2,100,2026-05-29 17:47:59,CANCELLED,EAST
423,19,2025-10-02 00:43:15,RETURNED,NORTH
94,267,2025-08-26 00:00:00,RETURNED,SOUTH
111,300,2026-02-28 00:00:00,PLACED,EAST
476,463,2026-07-12 02:36:25,PLACED,WEST
386,227,2026-07-17 00:00:00,RETURNED,NORTH
652,17,2026-04-26 16:32:21,RETURNED,NORTH
216,122,2026-01-07 15:11:48,RETURNED,EAST
435,160,2026-08-05 02:36:42,SHIPPED,NORTH
73,281,2025-09-26 14:22:35,RETURNED,SOUTH
419,192,2025-09-01 18:41:30,SHIPPED,NORTH
780,476,2025-08-21 01:36:01,DELIVERED,SOUTH
416,60,2025-08-17 11:36:27,DELIVERED,EAST
539,62,2026-02-21 20:27:27,CANCELLED,SOUTH
715,59,2026-02-26 15:23:17,PLACED,SOUTH
600,117,2025-10-26 22:49:03,DELIVERED,NORTH
737,141,2025-10-03 23:22:35,CANCELLED,WEST
510,252,2025-11-07 04:32:34,SHIPPED,WEST
574,68,2026-05-07 21:03:34,SHIPPED,NORTH
79,29,2026-07-23 02:35:40,SHIPPED,EAST
641,353,2026-07-15 01:02:25,RETURNED,EAST
732,197,2026-04-21 05:58:45,DELIVERED,NORTH
753,366,2026-02-28 12:23:52,DELIVERED,EAST
293,137,2026-01-29 18:58:56,PLACED,EAST
527,428,2026-01-14 20:50:54,PLACED,NORTH
512,330,2026-05-12 04:53:10,CANCELLED,EAST
57,234,2025-12-11 16:18:21,DELIVERED,NORTH
210,392,2026-02-11 15:17:15,DELIVERED,WEST
531,19,2026-04-22 08:34:53,CANCELLED,NORTH
409,409,2025-11-06 00:00:00,SHIPPED,WEST
439,115,2025-10-18 04:54:44,RETURNED,EAST
434,45,2025-10-29 03:13:14,SHIPPED,WEST
800,212,2026-05-22 00:00:00,RETURNED,EAST
383,492,2025-10-23 10:39:29,RETURNED,EAST
760,286,2026-06-01 00:00:00,DELIVERED,SOUTH
243,70,2025-11-19 15:44:01,RETURNED,SOUTH
573,43,2026-02-14 04:55:45,PLACED,WEST
613,48,2025-09-09 09:47:41,RETURNED,SOUTH
686,69,2026-07-29 14:47:20,CANCELLED,WEST
61,192,2025-10-31 12:36:21,PLACED,SOUTH
271,80,2026-03-02 14:39:26,PLACED,SOUTH
263,394,2026-07-27 09:58:55,CANCELLED,WEST
361,210,2026-07-02 00:10:55,PLACED,EAST
444,37,2026-05-29 19:00:58,RETURNED,WEST
235,95,2025-11-12 09:34:30,SHIPPED,SOUTH
452,339,2025-08-28 00:00:00,SHIPPED,SOUTH
729,494,2025-12-12 20:12:11,SHIPPED,EAST
635,84,2026-06-29 17:05:12,SHIPPED,EAST
259,216,2025-09-23 05:13:57,CANCELLED,EAST
74,320,2026-07-21 20:02:14,DELIVERED,SOUTH
84,199,2026-05-15 18:16:34,DELIVERED,NORTH
214,5,2025-11-23 00:00:00,SHIPPED,WEST
375,365,2026-03-30 04:48:24,CANCELLED,NORTH
251,84,2025-12-10 13:38:48,CANCELLED,WEST
542,9,2025-11-26 19:03:21,PLACED,NORTH
226,287,2026-02-18 22:54:31,DELIVERED,EAST
326,316,2026-02-11 16:00:48,CANCELLED,SOUTH
256,10,2025-11-25 19:47:35,RETURNED,NORTH
673,430,2025-09-06 19:13:52,CANCELLED,EAST
136,457,2026-05-13 05:14:25,DELIVERED,SOUTH
532,471,2026-07-18 07:58:00,SHIPPED,SOUTH
537,351,2026-07-19 10:09:21,SHIPPED,EAST
797,465,2025-08-09 19:20:23,DELIVERED,SOUTH
540,284,2026-04-30 08:09:27,SHIPPED,NORTH
727,442,2025-12-07 03:57:32,CANCELLED,EAST
592,490,2025-12-07 00:00:00,SHIPPED,EAST
270,125,2026-01-14 00:00:00,PLACED,WEST
558,167,2026-01-19 05:23:20,SHIPPED,WEST
364,444,2026-07-29 13:36:35,SHIPPED,WEST
40,372,2025-11-19 00:00:00,SHIPPED,NORTH
229,345,2025-12-03 06:26:20,CANCELLED,NORTH
110,274,2025-12-21 00:00:00,RETURNED,NORTH
244,234,2025-09-26 03:57:47,RETURNED,WEST
67,3,2025-11-02 11:55:27,PLACED,WEST
451,351,2025-09-08 18:31:34,CANCELLED,EAST
32,330,2025-12-17 03:37:18,DELIVERED,EAST
623,445,2026-04-15 09:36:28,DELIVERED,NORTH
42,195,2026-01-10 08:13:49,RETURNED,NORTH
536,219,2025-10-25 18:11:21,CANCELLED,EAST
579,171,2025-12-20 22:12:13,DELIVERED,WEST
218,206,2026-01-04 01:53:11,SHIPPED,SOUTH
365,22,2026-01-09 06:04:10,CANCELLED,EAST
76,390,2026-08-07 03:22:09,CANCELLED,WEST
51,497,2025-09-02 10:34:50,RETURNED,SOUTH
494,493,2025-09-24 07:26:10,PLACED,NORTH
185,420,2026-05-22 17:23:24,CANCELLED,WEST
399,163,2026-06-30 19:38:36,RETURNED,EAST
422,74,2025-10-17 14:01:53,PLACED,SOUTH
99,350,2026-05-23 15:41:50,CANCELLED,NORTH
299,259,2025-10-02 16:14:52,SHIPPED,WEST
517,433,2025-09-17 15:27:02,PLACED,SOUTH
168,247,2026-04-01 21:04:31,CANCELLED,EAST
54,61,2025-11-02 02:42:47,PLACED,NORTH
127,87,2025-10-06 00:00:00,SHIPPED,SOUTH
496,137,2026-05-21 19:01:01,DELIVERED,WEST
267,327,2026-04-12 23:06:27,DELIVERED,NORTH
194,295,2025-12-02 00:00:00,SHIPPED,WEST
487,496,2025-12-07 06:07:00,SHIPPED,WEST
560,28,2025-10-24 09:37:50,SHIPPED,SOUTH
345,321,2026-08-02 05:25:19,CANCELLED,NORTH
734,202,2026-01-01 15:18:31,DELIVERED,EAST
367,232,2025-11-21 21:37:33,PLACED,SOUTH
418,425,2026-03-17 12:59:10,SHIPPED,EAST
725,300,2026-03-26 16:09:37,SHIPPED,WEST
723,377,2025-09-29 02:32:15,PLACED,EAST
146,460,2025-09-25 04:26:12,RETURNED,EAST
154,66,2026-06-28 12:15:04,SHIPPED,SOUTH
180,206,2025-09-20 01:03:06,RETURNED,NORTH
771,28,2025-08-24 07:40:36,PLACED,WEST
403,107,2026-04-15 03:13:58,CANCELLED,WEST
514,,2026-03-14 20:37:09,PLACED,NORTH
653,466,2026-06-08 07:50:54,PLACED,EAST
341,235,2026-02-22 22:08:26,PLACED,NORTH
717,464,2026-06-25 00:00:00,SHIPPED,EAST
679,196,2026-03-24 20:59:22,DELIVERED,SOUTH
458,32,2025-10-20 21:48:20,RETURNED,NORTH
640,447,2026-07-09 19:48:40,DELIVERED,EAST
660,276,2026-06-11 00:00:00,PLACED,SOUTH
759,366,2026-06-27 03:04:54,CANCELLED,EAST
580,358,2025-11-04 22:11:40,RETURNED,SOUTH
413,351,2026-07-02 21:21:14,DELIVERED,NORTH
770,473,2026-04-12 03:32:30,CANCELLED,NORTH
174,80,2026-01-06 16:07:08,RETURNED,EAST
631,252,2025-12-08 19:05:03,SHIPPED,NORTH
3,446,2026-05-04 02:39:48,SHIPPED,SOUTH
378,197,2026-04-08 23:44:00,RETURNED,SOUTH
585,172,2025-08-14 02:45:56,PLACED,WEST
153,83,2026-02-17 09:30:02,CANCELLED,NORTH
628,156,2026-07-03 11:45:18,CANCELLED,SOUTH
505,357,2025-10-30 13:56:27,DELIVERED,WEST
482,43,2026-03-16 08:12:10,PLACED,EAST
334,340,2026-01-07 10:17:55,DELIVERED,SOUTH
388,,2026-03-26 01:37:38,DELIVERED,NORTH
25,461,2025-10-12 12:08:21,RETURNED,NORTH
64,401,2025-09-03 06:38:44,DELIVERED,NORTH
182,308,2026-01-23 10:43:28,PLACED,EAST
260,406,2026-07-09 00:00:00,PLACED,SOUTH
575,,2026-08-04 23:08:08,SHIPPED,WEST
657,438,2025-11-30 23:09:00,RETURNED,SOUTH
191,36,2025-09-19 22:07:44,RETURNED,EAST
431,412,2026-06-05 09:47:16,SHIPPED,SOUTH
62,421,2026-03-03 01:40:36,CANCELLED,NORTH
614,114,2026-02-07 11:42:49,DELIVERED,SOUTH
699,346,2026-08-04 09:52:29,CANCELLED,EAST
544,414,2026-06-12 08:44:14,CANCELLED,SOUTH
751,491,2025-12-21 07:30:27,RETURNED,NORTH
626,387,2025-11-04 10:28:20,SHIPPED,SOUTH
29,353,2025-08-29 10:15:27,DELIVERED,SOUTH
24,52,2025-08-08 16:28:31,DELIVERED,SOUTH
164,273,2025-09-20 07:18:49,PLACED,NORTH
625,469,2026-01-07 14:39:26,SHIPPED,WEST
320,205,2026-04-24 20:24:33,SHIPPED,SOUTH
96,340,2026-03-01 08:33:07,DELIVERED,EAST
219,352,2026-07-21 18:21:53,PLACED,EAST
291,427,2026-05-29 00:00:00,PLACED,EAST
130,157,2026-06-10 14:42:42,PLACED,SOUTH
667,431,2025-12-16 06:56:14,RETURNED,WEST
595,228,2026-06-07 22:48:57,PLACED,EAST
551,408,2026-02-15 15:44:07,CANCELLED,WEST
559,193,2026-07-02 04:10:17,PLACED,WEST
745,377,2025-09-02 02:20:57,SHIPPED,EAST
203,182,2025-09-29 17:20:30,RETURNED,EAST
782,138,2026-02-27 04:30:39,PLACED,EAST
354,212,2025-10-11 11:15:09,DELIVERED,WEST
601,146,2026-06-25 16:55:34,SHIPPED,SOUTH
605,177,2025-11-10 14:28:31,CANCELLED,SOUTH
457,314,2026-01-08 17:19:15,CANCELLED,SOUTH
414,144,2026-05-28 11:17:59,DELIVERED,WEST
151,368,2026-06-25 19:54:01,SHIPPED,WEST
287,104,2025-10-11 15:54:55,SHIPPED,NORTH
312,29,2026-07-25 20:53:14,DELIVERED,EAST
556,370,2026-01-29 07:17:50,RETURNED,EAST
430,180,2026-05-07 05:42:11,DELIVERED,SOUTH
303,232,2026-05-30 21:46:43,CANCELLED,NORTH
533,,2026-01-29 00:59:57,DELIVERED,NORTH
60,114,2026-04-06 00:00:00,DELIVERED,EAST
620,213,2026-04-04 03:33:29,DELIVERED,SOUTH
712,392,2026-05-04 18:17:01,CANCELLED,WEST
702,25,2026-06-07 08:10:38,RETURNED,WEST
794,219,2025-12-01 00:00:00,RETURNED,EAST
169,380,2026-02-03 02:39:23,RETURNED,NORTH
412,348,2025-11-28 14:27:36,RETURNED,NORTH
323,221,2025-11-28 07:13:13,RETURNED,NORTH
347,337,2025-12-12 18:24:19,CANCELLED,SOUTH
87,494,2025-09-04 09:20:53,CANCELLED,SOUTH
72,71,2026-04-22 16:08:01,RETURNED,EAST
530,446,2025-08-16 05:48:29,SHIPPED,SOUTH
11,388,2025-12-30 22:11:08,SHIPPED,NORTH
150,144,2025-10-01 18:56:11,SHIPPED,SOUTH
454,232,2026-01-31 21:54:04,CANCELLED,WEST
31,47,2026-07-13 01:29:25,PLACED,NORTH
604,190,2025-09-29 01:05:42,RETURNED,NORTH
529,414,2025-11-24 04:38:30,RETURNED,WEST
470,122,2026-01-09 08:44:15,DELIVERED,WEST
420,13,2025-09-25 08:05:53,RETURNED,SOUTH
424,,2025-09-29 15:54:10,RETURNED,NORTH
440,201,2025-11-12 13:33:39,DELIVERED,EAST
594,497,2026-06-26 01:45:24,SHIPPED,WEST
234,228,2026-05-31 08:08:41,DELIVERED,WEST
432,314,2025-11-04 12:20:59,RETURNED,WEST
543,,2025-10-29 04:21:46,RETURNED,EAST
156,473,2025-08-27 07:08:05,CANCELLED,NORTH
588,191,2025-09-27 05:20:46,CANCELLED,NORTH
773,,2026-02-11 22:32:46,RETURNED,WEST
425,456,2026-02-06 00:00:00,RETURNED,EAST
382,493,2025-12-15 15:30:53,SHIPPED,NORTH
273,331,2026-02-27 04:38:24,RETURNED,NORTH
88,39,2026-07-31 04:56:38,SHIPPED,NORTH
787,131,2026-06-25 15:21:31,CANCELLED,NORTH
518,,2026-01-11 17:36:13,CANCELLED,NORTH
294,111,2026-04-27 15:46:19,PLACED,NORTH
252,41,2026-01-02 11:02:51,SHIPPED,EAST
7,108,2026-03-30 01:16:12,SHIPPED,SOUTH
650,67,2026-05-23 16:10:11,CANCELLED,NORTH
450,91,2026-02-18 03:05:49,CANCELLED,NORTH
728,58,2026-04-19 13:04:57,CANCELLED,WEST
126,79,2026-07-30 06:58:09,DELIVERED,EAST
142,,2026-06-11 07:12:24,DELIVERED,WEST
343,10,2026-07-12 14:09:23,DELIVERED,EAST
373,300,2025-11-08 15:53:57,RETURNED,SOUTH
158,311,2026-07-30 20:31:44,CANCELLED,SOUTH
102,99,2025-08-30 16:09:53,PLACED,NORTH
511,252,2025-09-01 23:08:16,RETURNED,WEST
519,479,2026-04-20 18:56:15,DELIVERED,EAST
453,463,2026-01-10 05:07:14,PLACED,SOUTH
300,463,2026-06-17 22:32:05,DELIVERED,EAST
654,387,2026-02-27 00:00:00,PLACED,SOUTH
371,151,2026-07-06 19:32:34,PLACED,SOUTH
211,296,2025-09-07 07:27:59,RETURNED,WEST
121,410,2025-10-11 18:29:29,PLACED,WEST
172,,2025-11-26 04:33:18,PLACED,NORTH
108,117,2025-10-07 04:39:11,CANCELLED,WEST
675,342,2025-09-10 07:08:49,CANCELLED,WEST
43,451,2026-01-29 11:51:57,SHIPPED,WEST
629,,2026-07-09 00:00:00,DELIVERED,EAST
105,106,2026-07-11 09:36:53,CANCELLED,NORTH
795,347,2026-02-10 22:07:24,SHIPPED,WEST
114,274,2026-07-19 13:36:53,CANCELLED,EAST
469,96,2026-04-24 16:02:00,PLACED,WEST
677,255,2026-08-04 01:58:54,SHIPPED,NORTH
52,194,2026-04-27 09:11:18,SHIPPED,NORTH
107,28,2025-08-27 08:39:59,DELIVERED,NORTH
528,173,2026-07-29 19:04:50,PLACED,WEST
155,21,2025-12-29 19:45:23,SHIPPED,NORTH
274,120,2026-01-15 07:17:15,RETURNED,EAST
645,470,2026-07-06 00:00:00,SHIPPED,NORTH
48,424,2026-04-14 15:06:16,RETURNED,NORTH
349,68,2026-05-09 16:47:30,SHIPPED,SOUTH
265,349,2026-06-08 16:54:31,DELIVERED,SOUTH
777,498,2026-04-19 00:00:00,RETURNED,SOUTH
230,147,2026-07-30 10:24:50,SHIPPED,SOUTH
576,383,2026-07-23 19:06:00,CANCELLED,WEST
124,336,2026-01-15 00:49:44,DELIVERED,NORTH
233,335,2026-06-03 02:03:18,DELIVERED,WEST
441,16,2025-09-14 00:00:00,PLACED,EAST
346,486,2025-09-19 17:38:59,SHIPPED,EAST
705,178,2025-09-14 14:00:28,DELIVERED,EAST
33,52,2026-06-25 06:53:36,PLACED,EAST
179,229,2025-09-21 12:29:48,SHIPPED,NORTH
163,311,2025-09-06 00:00:00,CANCELLED,NORTH
366,481,2026-01-12 09:52:20,RETURNED,NORTH
268,112,2026-01-25 16:42:37,SHIPPED,WEST
368,203,2026-04-24 05:54:44,PLACED,WEST
792,454,2026-04-26 16:48:18,DELIVERED,WEST
49,,2026-06-04 10:05:05,RETURNED,WEST
571,376,2025-09-13 16:40:02,PLACED,WEST
756,406,2026-05-07 00:12:41,DELIVERED,EAST
241,88,2025-10-06 00:00:00,DELIVERED,EAST
506,39,2025-11-08 12:53:19,DELIVERED,WEST
718,133,2026-01-12 04:37:41,DELIVERED,SOUTH
104,108,2026-04-29 11:50:11,SHIPPED,WEST
504,392,2025-10-20 19:35:19,RETURNED,SOUTH
621,497,2025-12-07 00:33:35,CANCELLED,SOUTH
161,36,2025-09-23 02:15:00,CANCELLED,SOUTH
205,121,2026-06-04 06:26:58,DELIVERED,SOUTH
178,397,2026-07-20 06:14:32,SHIPPED,NORTH
133,324,2025-09-27 00:00:00,RETURNED,WEST
495,327,2025-11-15 02:23:59,CANCELLED,EAST
746,102,2025-12-26 00:00:00,DELIVERED,SOUTH
290,368,2026-03-18 00:00:00,SHIPPED,WEST
213,398,2025-10-12 23:00:47,PLACED,WEST
637,215,2026-03-03 11:00:17,DELIVERED,NORTH
682,278,2026-07-02 01:26:15,RETURNED,NORTH
484,310,2026-07-25 17:55:43,RETURNED,SOUTH
369,323,2026-03-04 01:15:45,SHIPPED,EAST
400,315,2026-02-01 18:28:54,RETURNED,WEST
301,325,2025-09-13 18:33:00,DELIVERED,SOUTH
135,277,2026-05-08 15:23:27,SHIPPED,EAST
480,243,2026-05-19 12:59:21,RETURNED,NORTH
779,14,2025-12-19 04:49:02,PLACED,WEST
348,294,2025-08-22 18:02:25,DELIVERED,EAST
225,323,2026-05-07 00:00:00,DELIVERED,EAST
520,324,2026-04-14 21:29:03,PLACED,EAST
703,320,2026-07-02 19:24:56,PLACED,NORTH
449,306,2025-10-23 10:06:54,RETURNED,NORTH
353,451,2025-09-22 11:16:34,PLACED,EAST
481,150,2026-04-02 04:58:53,RETURNED,NORTH
197,495,2025-12-03 06:10:13,CANCELLED,SOUTH
295,273,2026-02-02 18:42:48,SHIPPED,SOUTH
166,397,2025-11-04 12:03:03,CANCELLED,WEST
22,214,2025-09-21 00:04:59,PLACED,EAST
750,,2026-01-20 18:50:27,RETURNED,EAST
460,444,2025-10-13 00:00:00,CANCELLED,WEST
356,55,2025-08-26 15:03:46,PLACED,EAST
662,491,2025-12-29 10:09:33,DELIVERED,WEST
638,272,2026-04-15 04:36:48,PLACED,SOUTH
507,342,2025-11-18 10:05:37,DELIVERED,EAST
739,358,2026-04-10 06:45:17,PLACED,EAST
485,190,2025-10-11 08:12:12,DELIVERED,SOUTH
428,140,2025-10-07 17:02:59,DELIVERED,NORTH
664,57,2025-09-21 02:25:48,CANCELLED,EAST
275,225,2026-04-25 07:21:14,PLACED,WEST
66,231,2025-12-12 00:15:19,RETURNED,SOUTH
567,439,2025-08-11 19:54:46,SHIPPED,WEST
324,212,2025-10-17 02:56:45,DELIVERED,SOUTH
591,235,2026-03-03 00:00:00,CANCELLED,SOUTH
741,391,2026-05-11 00:00:00,SHIPPED,WEST
20,131,2026-06-26 07:34:54,RETURNED,NORTH
541,406,2026-07-18 07:42:33,RETURNED,WEST
63,101,2026-01-18 03:02:51,CANCELLED,SOUTH
238,,2025-12-27 22:40:11,PLACED,NORTH
711,187,2026-01-19 10:56:49,SHIPPED,SOUTH
695,59,2026-06-01 05:29:16,PLACED,EAST
627,149,2026-07-23 05:32:21,PLACED,EAST
606,63,2026-04-16 11:56:28,CANCELLED,WEST
526,33,2026-07-03 11:42:04,DELIVERED,WEST
498,347,2025-11-07 13:29:06,SHIPPED,EAST
410,236,2026-05-28 05:51:19,RETURNED,EAST
500,269,2026-03-27 17:19:46,CANCELLED,EAST
38,205,2026-04-08 15:56:17,DELIVERED,WEST
298,219,2026-01-20 13:39:13,SHIPPED,SOUTH
568,143,2026-07-01 00:00:00,CANCELLED,SOUTH
611,375,2025-11-01 10:31:23,PLACED,SOUTH
593,76,2025-10-14 09:39:03,SHIPPED,NORTH
508,38,2026-06-12 04:56:11,PLACED,WEST
426,,2025-12-04 04:20:55,SHIPPED,EAST
443,208,2026-07-01 22:05:48,PLACED,EAST
646,160,2026-06-12 19:22:22,SHIPPED,WEST
106,79,2026-04-30 00:00:00,DELIVERED,NORTH
9,207,2026-04-02 07:56:47,CANCELLED,WEST
342,272,2026-06-01 00:01:05,CANCELLED,WEST
53,411,2025-08-16 21:09:12,PLACED,WEST
402,1,2025-09-01 18:00:15,CANCELLED,NORTH
584,287,2025-09-05 06:41:13,RETURNED,SOUTH
302,110,2026-04-28 03:22:38,RETURNED,EAST
207,55,2025-08-22 17:58:31,PLACED,WEST
249,393,2025-11-27 18:38:30,DELIVERED,SOUTH
17,471,2026-05-25 20:54:21,PLACED,SOUTH
21,25,2026-06-20 05:05:18,PLACED,NORTH
483,316,2025-10-11 15:37:34,DELIVERED,NORTH
497,346,2025-10-14 23:45:03,RETURNED,SOUTH
456,480,2025-09-05 20:41:00,DELIVERED,NORTH
720,460,2025-11-19 00:00:00,RETURNED,EAST
157,373,2025-09-14 06:28:27,DELIVERED,NORTH
171,449,2025-12-10 18:15:39,DELIVERED,SOUTH
789,386,2026-02-04 05:29:03,SHIPPED,NORTH
23,79,2026-07-26 06:46:19,PLACED,EAST
433,15,2025-10-08 10:01:55,PLACED,NORTH
486,410,2025-11-09 17:59:15,PLACED,EAST
152,369,2025-10-05 04:18:25,CANCELLED,WEST
475,380,2026-04-26 23:08:40,PLACED,EAST
309,205,2025-08-31 07:57:38,SHIPPED,NORTH
89,220,2026-04-08 16:11:05,DELIVERED,SOUTH
762,,2025-09-17 20:42:22,CANCELLED,EAST
552,344,2026-07-30 07:03:46,PLACED,EAST
642,7,2026-03-02 17:13:41,DELIVERED,EAST
447,223,2026-07-28 19:31:51,DELIVERED,SOUTH
248,241,2026-01-16 17:14:41,CANCELLED,WEST
666,198,2026-04-05 11:43:39,RETURNED,EAST
149,72,2026-05-14 05:36:40,SHIPPED,NORTH
665,286,2026-04-18 12:30:56,PLACED,EAST
493,223,2026-03-04 00:00:00,CANCELLED,WEST
215,167,2025-09-09 15:19:51,DELIVERED,SOUTH
28,152,2025-08-18 19:02:22,RETURNED,WEST
193,142,2025-12-18 00:00:04,SHIPPED,WEST
713,426,2025-11-03 02:20:51,SHIPPED,WEST
115,74,2025-11-10 18:08:55,DELIVERED,NORTH
196,412,2026-05-05 17:09:33,DELIVERED,EAST
15,306,2026-06-08 10:15:24,CANCELLED,SOUTH
139,72,2026-02-16 17:32:50,SHIPPED,SOUTH
129,170,2025-08-11 12:57:09,CANCELLED,WEST
90,434,2026-07-25 00:25:08,DELIVERED,WEST
310,406,2025-11-16 23:21:36,CANCELLED,NORTH
790,411,2026-03-28 18:11:10,DELIVERED,SOUTH
692,321,2025-08-21 21:59:34,PLACED,WEST
707,264,2026-01-25 17:01:05,RETURNED,SOUTH
796,332,2026-06-23 19:33:08,DELIVERED,WEST
708,322,2026-01-03 17:17:56,SHIPPED,WEST
370,453,2026-01-30 01:45:50,DELIVERED,WEST
632,142,2025-09-20 10:49:50,PLACED,EAST
634,419,2026-06-04 23:46:23,RETURNED,NORTH
311,154,2026-03-18 00:00:00,RETURNED,WEST
499,345,2025-10-22 00:00:00,PLACED,NORTH
744,352,2026-06-29 23:00:10,DELIVERED,WEST
617,185,2026-06-21 21:57:24,CANCELLED,EAST
763,344,2025-08-19 23:08:33,RETURNED,NORTH
674,393,2025-12-18 02:12:02,DELIVERED,WEST
415,432,2026-07-23 23:03:54,RETURNED,WEST
709,493,2026-01-22 17:13:51,CANCELLED,EAST
472,58,2025-08-23 01:17:49,PLACED,SOUTH
489,86,2026-02-24 15:35:45,DELIVERED,NORTH
672,500,2025-09-07 20:04:55,SHIPPED,WEST
176,204,2026-03-12 20:31:11,CANCELLED,WEST
14,422,2026-05-30 00:00:00,DELIVERED,WEST
120,316,2025-11-24 01:41:38,SHIPPED,NORTH
405,354,2026-05-01 11:48:01,PLACED,EAST
6,91,2025-09-22 10:12:43,PLACED,NORTH
19,365,2025-09-14 23:05:35,PLACED,WEST
548,286,2026-07-10 19:16:49,PLACED,NORTH
445,212,2025-12-14 15:25:31,SHIPPED,SOUTH
109,208,2026-02-14 04:30:31,PLACED,WEST
690,146,2026-01-12 03:11:24,PLACED,NORTH
266,22,2025-09-01 21:40:35,RETURNED,NORTH
619,448,2025-11-14 02:51:05,SHIPPED,WEST
765,68,2026-04-28 00:00:00,RETURNED,WEST
81,17,2026-04-05 16:51:35,CANCELLED,NORTH
190,208,2025-10-27 07:22:09,RETURNED,NORTH
217,256,2026-08-04 01:39:35,CANCELLED,EAST
192,287,2026-08-05 01:35:59,DELIVERED,EAST
350,159,2025-11-08 22:20:16,RETURNED,SOUTH
272,47,2026-06-26 03:55:54,DELIVERED,NORTH
639,94,2025-10-30 07:17:31,RETURNED,SOUTH
461,365,2026-07-31 20:51:20,CANCELLED,WEST
687,292,2026-04-14 08:07:48,RETURNED,WEST
776,422,2026-03-10 19:23:24,RETURNED,SOUTH
466,70,2025-11-07 00:00:00,CANCELLED,WEST
742,70,2026-02-17 00:00:00,SHIPPED,EAST
602,147,2025-11-30 04:49:26,SHIPPED,SOUTH
322,377,2025-09-23 23:20:59,SHIPPED,NORTH
305,155,2026-03-03 00:00:00,SHIPPED,SOUTH
722,430,2026-02-01 02:55:39,SHIPPED,SOUTH
427,147,2026-06-30 08:32:20,DELIVERED,WEST
