item_id,order_id,product_id,quantity,unit_price,discount_percent
1,327,441,2,5083.5,26.69
2,294,331,3,3627.33,40.59
3,117,77,-4,4792.42,31.05
4,498,287,7,5438.65,20.2
5,280,70,1,4831.05,65.87
6,181,330,1,2940.76,1.99
7,86,161,10,428.31,95.51
8,373,344,2,5046.87,84.28
9,242,58,10,5600.97,52.2
10,595,487,9,5313.16,23.81
11,126,396,6,3526.74,39.0
12,767,381,4,1347.15,10.68
13,220,497,5,1563.12,58.95
14,503,274,6,722.12,54.57
15,487,350,4,5282.63,93.7
16,372,244,6,175.39,96.68
17,621,18,1,4743.38,23.97
18,566,197,5,4218.67,90.32
19,702,63,9,5153.0,38.85
20,403,475,5,5621.12,75.67
21,305,108,3,3806.55,87.95
22,786,330,7,1680.52,8.01
23,799,482,8,2507.12,84.12
24,735,217,2,4205.97,50.63
25,361,216,10,3308.98,32.68
26,712,15,1,1143.25,44.34
27,657,70,1,3788.36,31.37
28,85,57,3,4295.71,76.76
29,665,391,3,4130.23,79.26
30,328,232,8,844.38,17.35
31,608,424,6,1232.05,41.45
32,187,202,7,5311.83,22.45
33,24,473,9,3778.43,90.68
34,474,102,5,1054.1,40.1
35,440,308,5,5750.3,17.01
36,581,61,1,2639.19,92.0
37,465,424,8,4295.7,19.05
38,273,148,8,2616.29,20.66
39,221,422,5,1176.71,18.04
40,150,15,5,1451.14,45.1
41,255,190,10,2776.08,1.03
42,137,447,6,2415.45,21.22
43,393,363,7,1574.54,9.53
44,61,27,6,2852.05,35.43
45,621,481,10,4868.63,0.54
46,517,318,7,2398.45,37.09
47,573,22,10,1060.71,49.28
48,348,450,8,1938.04,53.04
49,146,134,2,5872.17,49.92
50,288,383,6,1733.41,87.69
51,628,425,5,2642.86,16.5
52,755,252,3,5540.97,63.67
53,451,28,4,1417.67,3.59
54,267,84,8,5971.45,92.72
55,42,227,6,3387.08,45.78
56,116,434,3,606.79,86.82
57,185,428,3,4944.3,56.32
58,680,300,4,5831.18,52.6
59,585,93,7,1514.64,49.81
60,97,455,-6,4103.81,68.06
61,404,192,10,681.12,32.35
62,30,42,8,3974.26,45.41
63,276,305,1,310.89,62.24
64,464,167,10,5186.51,80.16
65,290,166,1,3305.58,60.23
66,95,205,5,5792.04,86.55
67,92,11,4,4687.98,28.49
68,771,489,3,2970.53,43.24
69,318,463,10,4009.85,83.21
70,525,103,8,2359.13,26.85
71,615,217,2,4875.42,61.39
72,445,323,7,3104.38,97.33
73,693,115,3,3187.31,64.72
74,86,149,8,5447.89,47.76
75,153,66,5,3162.4,29.55
76,49,283,2,3104.82,51.07
77,423,49,8,3432.45,25.34
78,261,300,2,146.8,74.05
79,474,92,3,319.29,41.63
80,722,153,6,2757.24,67.03
81,639,414,5,5512.77,81.0
82,217,95,2,3644.11,87.16
83,109,223,-9,2399.86,1.33
84,672,245,8,5219.24,96.58
85,617,372,8,4888.14,61.67
86,708,345,7,571.43,13.51
87,196,58,1,1169.92,2.68
88,493,333,3,2642.94,62.61
89,552,98,2,2807.38,47.4
90,23,60,3,4445.75,44.53
91,497,242,1,3532.1,20.13
92,584,425,7,96.85,63.04
93,731,222,7,4435.62,59.58
94,568,149,1,2942.3,59.1
95,627,479,8,411.19,1.9
96,591,162,9,5362.62,41.71
97,485,60,8,3894.77,44.83
98,447,11,3,1193.6,34.38
99,238,260,4,4125.6,92.17
100,733,337,8,1795.69,71.14
101,427,427,6,4808.54,84.45
102,637,107,5,562.84,48.29
103,178,103,3,650.38,41.6
104,506,156,4,329.94,1.81
105,268,183,3,5163.8,50.35
106,66,173,7,1398.81,56.2
107,499,133,6,4627.77,77.01
108,571,137,3,5248.49,60.43
109,107,362,1,2655.07,45.71
110,774,57,2,3677.45,85.84
111,105,422,9,677.2,62.99
112,211,467,6,1788.13,44.15
113,519,256,2,2214.23,81.92
114,126,435,4,2523.71,76.9
115,252,428,8,3054.89,8.52
116,382,367,7,4006.72,15.16
117,772,272,7,871.07,42.88
118,420,460,8,3121.12,68.22
119,31,227,3,4319.87,51.73
120,72,44,6,5892.57,16.43
121,63,202,1,3866.72,90.25
122,60,324,9,2544.87,88.58
123,718,284,5,1916.49,34.42
124,287,461,9,923.83,40.39
125,660,106,9,3728.22,44.21
126,354,455,7,5291.8,8.43
127,551,172,7,4453.31,12.6
128,554,146,4,3333.13,52.13
129,776,326,-3,5347.4,53.99
130,265,124,5,5922.38,11.04
131,62,431,6,3069.62,12.38
132,775,334,2,3455.99,0.52
133,348,121,10,5371.32,62.77
134,547,433,10,1830.25,66.69
135,733,294,3,3142.02,24.76
136,336,265,10,4682.37,45.43
137,151,365,7,537.59,6.22
138,134,244,4,2247.3,52.63
139,603,287,9,5238.49,58.43
140,652,217,8,5689.53,73.17
141,427,422,3,806.39,71.12
142,133,496,9,752.45,21.26
143,485,17,3,2247.53,95.18
144,617,437,7,2249.04,28.96
145,536,79,2,5946.57,30.33
146,498,15,3,3558.26,4.87
147,313,456,5,4923.79,48.88
148,126,281,6,315.86,48.12
149,318,290,8,4699.03,47.52
150,738,427,10,874.21,63.65
151,780,231,8,4380.79,8.93
152,640,341,10,1435.29,39.54
153,554,24,8,3893.2,86.6
154,725,13,10,4640.99,30.88
155,661,64,9,5733.25,54.18
156,776,28,10,4515.82,50.26
157,20,62,9,162.89,78.68
158,252,425,10,4851.18,60.69
159,412,302,1,5606.4,34.0
160,185,213,1,1938.43,25.72
161,118,51,9,907.0,25.56
162,92,79,5,4087.72,5.89
163,334,93,1,1823.24,9.87
164,146,212,6,5652.39,89.95
165,54,104,4,3536.87,49.3
166,771,259,7,1652.26,31.83
167,567,209,2,2474.59,23.37
168,20,138,9,4066.83,24.63
169,569,334,3,2470.14,8.39
170,652,257,4,897.08,54.04
171,173,401,4,2571.33,91.15
172,463,22,1,5768.63,62.07
173,669,498,-3,5604.37,48.22
174,613,129,7,5062.51,21.28
175,523,145,1,3227.83,6.99
176,92,203,2,4364.19,99.88
177,443,108,10,4822.24,88.39
178,351,326,5,4261.14,27.3
179,679,165,6,5756.01,32.85
180,709,69,1,75.46,0.96
181,178,212,9,4234.63,76.25
182,552,42,2,5360.8,81.61
183,456,345,2,4886.05,82.75
184,367,199,3,4880.62,98.38
185,128,237,6,2695.24,22.15
186,21,389,5,4269.73,19.15
187,629,321,5,1365.83,98.01
188,372,19,5,4239.08,60.6
189,8,101,7,1700.22,50.03
190,175,283,4,3415.96,68.24
191,579,90,2,4488.54,12.74
192,584,439,4,4386.95,27.43
193,695,12,9,4100.05,88.31
194,3,481,7,5661.29,5.19
195,331,222,7,4097.03,46.66
196,371,265,1,1386.06,27.79
197,431,273,8,2381.56,33.47
198,586,414,1,1392.49,68.95
199,77,470,4,2008.89,6.28
200,641,50,1,4857.95,59.25
201,642,479,6,1520.56,47.36
202,349,427,1,3142.07,23.67
203,75,398,10,4596.39,62.53
204,593,64,2,5504.45,37.74
205,711,34,3,4824.2,5.48
206,626,321,7,4081.51,55.93
207,302,436,7,3722.95,41.11
208,614,404,-10,2334.32,79.52
209,636,318,2,5628.63,78.29
210,465,265,6,692.64,1.23
211,731,35,10,1202.01,57.32
212,653,261,5,2914.33,62.09
213,191,125,3,409.92,31.17
214,447,263,6,5317.07,77.55
215,151,241,5,1781.83,97.03
216,531,301,3,3067.29,83.52
217,56,217,6,1242.21,90.85
218,71,175,4,4183.95,98.19
219,615,355,6,3418.28,33.57
220,307,215,6,2753.1,78.92
221,44,254,4,3850.66,69.32
222,478,320,4,4420.79,95.26
223,340,414,7,1146.25,98.99
224,372,6,2,3350.42,14.24
225,451,100,10,2191.46,97.53
226,204,102,5,5318.02,71.88
227,348,434,9,1216.13,17.61
228,269,467,-2,4080.84,37.89
229,114,174,4,1478.89,80.95
230,677,88,9,5986.28,88.17
231,729,34,2,5548.73,79.49
232,197,273,7,1941.81,42.95
233,652,126,1,3544.59,85.44
234,302,405,3,366.89,79.56
235,130,436,9,5320.71,20.92
236,84,402,8,3708.57,16.74
237,398,385,9,3137.41,17.9
238,730,192,9,4308.12,49.48
239,275,298,7,4754.22,64.97
240,213,113,4,1444.59,21.86
241,436,456,7,5616.22,37.41
242,564,44,3,1805.54,51.88
243,236,299,1,3745.7,42.61
244,479,222,7,3010.38,27.3
245,26,92,8,3889.86,35.91
246,85,151,9,3879.74,78.59
247,234,51,2,277.77,20.03
248,202,346,6,4484.01,76.85
249,282,98,10,5990.51,75.24
250,758,279,-5,1831.87,82.23
251,414,485,7,4558.95,1.19
252,670,263,3,1404.09,72.33
253,215,243,4,4726.55,75.76
254,740,417,8,560.96,84.58
255,440,395,7,2727.33,55.84
256,384,72,10,1868.15,73.78
257,512,415,6,2543.93,68.58
258,414,391,9,3542.38,56.76
259,33,473,3,5718.19,33.03
260,645,410,10,3464.58,39.09
261,391,105,7,2349.28,47.48
262,337,292,8,1862.64,17.14
263,692,284,3,4149.7,48.86
264,192,102,2,2346.07,20.59
265,299,338,9,391.85,51.85
266,176,168,7,5938.09,12.91
267,429,245,2,5426.35,20.65
268,211,159,7,4005.52,15.88
269,589,481,5,3039.73,68.48
270,283,104,1,2702.1,82.46
271,620,414,4,5466.3,87.92
272,472,237,10,592.06,64.63
273,468,178,5,4949.41,84.98
274,426,128,3,4412.8,45.78
275,675,94,10,4206.94,4.37
276,162,141,9,5501.96,69.8
277,740,462,4,2497.11,76.19
278,125,189,2,3051.15,77.95
279,420,231,3,3061.08,46.22
280,75,328,8,4488.45,85.58
281,407,20,1,4269.14,13.65
282,687,384,8,456.01,54.84
283,249,366,8,4931.54,84.16
284,175,430,1,1104.56,12.42
285,760,201,3,4593.35,67.74
286,158,226,6,4300.75,89.27
287,546,111,8,5027.18,81.15
288,657,340,2,1884.53,5.24
289,5,25,7,5576.48,37.46
290,245,103,-2,216.27,1.46
291,197,349,2,5299.6,79.69
292,681,86,3,3099.38,81.56
293,331,288,4,5609.25,39.51
294,439,62,4,2171.63,17.36
295,412,335,-6,1315.97,22.01
296,674,418,5,2245.43,6.73
297,224,211,5,3022.48,99.05
298,730,275,10,5756.26,59.99
299,647,357,7,5835.58,69.37
300,341,90,6,4014.91,6.75
301,19,312,10,3090.61,74.18
302,516,301,1,3717.27,89.68
303,317,122,7,3737.61,5.99
304,384,256,5,2285.7,64.2
305,244,473,10,2690.17,87.73
306,138,143,6,4574.94,52.09
307,425,332,5,1412.61,73.29
308,351,125,4,5444.46,66.5
309,255,411,4,2319.84,32.16
310,453,323,1,2975.27,95.37
311,54,325,3,797.09,17.37
312,563,426,4,515.08,72.5
313,319,85,4,1099.79,24.9
314,293,296,8,1248.34,86.24
315,493,41,6,1048.21,44.14
316,518,313,7,4926.64,79.36
317,21,391,7,545.24,90.65
318,308,305,9,4373.56,25.73
319,475,157,8,3394.75,48.08
320,342,70,8,5500.99,0.42
321,513,374,6,5557.86,94.03
322,761,192,7,3864.24,58.83
323,419,454,1,790.64,93.21
324,167,100,7,4639.06,75.16
325,357,261,8,2240.67,5.77
326,395,475,7,1492.0,3.45
327,371,324,1,3889.73,26.13
328,467,484,3,3632.79,95.18
329,166,7,2,3884.16,91.69
330,408,362,10,528.07,90.99
331,434,85,7,1848.21,96.77
332,675,454,7,4416.9,75.25
333,746,446,2,3457.04,79.75
334,147,138,4,2417.92,30.81
335,173,418,-8,465.56,69.63
336,538,214,5,1065.27,37.47
337,721,69,4,3040.55,11.02
338,581,417,4,400.94,18.27
339,778,99,5,5236.11,44.07
340,640,56,3,559.96,12.47
341,66,176,1,2893.49,67.28
342,104,5,1,5733.52,66.53
343,43,50,4,93.21,60.3
344,780,137,8,2055.33,42.95
345,380,350,6,4910.24,94.1
346,682,205,7,5853.07,87.31
347,103,2,8,2440.76,83.54
348,143,14,10,3207.24,95.11
349,770,418,4,3729.19,65.89
350,487,264,7,68.62,63.81
351,330,9,6,5819.11,73.58
352,695,228,4,2430.98,61.26
353,84,179,7,5651.79,47.61
354,675,439,2,1798.48,19.51
355,147,446,9,4719.93,71.67
356,33,66,8,1843.02,67.31
357,562,448,8,2705.41,11.57
358,679,277,4,1064.08,94.42
359,717,46,2,4308.8,16.02
360,335,463,7,1361.24,25.76
361,488,488,2,5540.28,63.35
362,504,47,6,5594.09,76.63
363,616,34,6,4318.78,73.6
364,391,335,9,2649.93,23.34
365,266,60,5,580.38,74.06
366,193,382,2,808.13,31.34
367,390,296,1,3560.86,18.99
368,398,217,6,4795.23,93.39
369,130,267,10,684.19,0.92
370,472,162,3,1816.1,21.89
371,697,234,3,917.93,66.54
372,720,18,10,3039.15,68.86
373,281,435,10,4980.69,49.5
374,722,495,7,4870.75,15.27
375,734,108,4,362.77,86.54
376,184,439,8,1829.66,81.5
377,164,12,9,2563.5,47.34
378,357,388,7,3190.67,28.3
379,714,473,4,3310.66,9.73
380,332,386,10,372.03,93.46
381,312,235,3,2679.21,48.24
382,149,108,4,1214.15,65.12
383,371,372,10,4723.72,85.84
384,386,487,7,1050.93,5.63
385,365,499,8,362.21,98.03
386,666,174,10,933.98,72.26
387,251,18,2,2957.32,68.8
388,177,335,7,5947.43,67.07
389,92,399,8,3919.35,27.52
390,669,228,-6,743.93,12.21
391,657,343,9,3541.76,98.73
392,492,141,2,1127.52,48.42
393,661,360,7,795.16,32.52
394,731,466,9,4886.56,1.97
395,570,419,9,3204.02,6.39
396,599,276,2,1284.41,65.86
397,121,93,10,81.68,44.72
398,322,63,1,1277.07,16.12
399,576,132,1,792.07,29.86
400,558,88,7,3966.05,24.83
401,48,485,9,1795.71,53.41
402,144,296,8,3159.86,98.6
403,361,311,9,4143.19,66.26
404,46,122,1,1833.27,83.26
405,138,309,9,2186.44,12.85
406,638,217,2,1601.01,64.98
407,168,205,8,1562.37,42.53
408,712,74,9,3795.93,26.94
409,649,357,4,3403.67,64.78
410,524,310,3,963.27,99.24
411,445,195,1,1522.61,27.01
412,545,57,9,2009.68,8.9
413,342,399,5,4798.68,27.36
414,101,194,4,674.77,92.56
415,180,270,5,4850.45,9.55
416,358,359,10,3331.68,60.75
417,50,88,6,2367.9,34.52
418,760,348,9,5298.03,40.27
419,607,66,-5,3105.71,15.55
420,130,74,7,1640.85,91.84
421,655,499,6,1532.21,60.87
422,724,235,3,2156.31,46.87
423,294,142,7,4324.88,92.38
424,235,157,2,2468.76,31.27
425,93,325,2,1478.22,9.36
426,590,30,2,3347.25,49.29
427,11,493,7,5598.03,13.64
428,510,264,9,2462.56,61.63
429,764,4,7,4510.52,24.42
430,757,339,9,302.02,44.87
431,173,346,9,1090.14,36.71
432,137,264,6,2565.2,37.91
433,383,497,2,4090.43,83.17
434,785,440,2,2924.59,26.48
435,3,378,10,5542.19,92.91
436,659,264,1,5360.34,84.84
437,59,183,1,2004.88,35.39
438,6,180,3,102.74,43.08
439,203,44,9,964.58,12.38
440,500,4,3,1538.3,47.07
441,384,154,6,1133.98,81.15
442,112,225,8,2154.74,43.4
443,368,453,4,1745.15,13.37
444,432,381,6,1003.86,19.9
445,491,492,5,2959.95,49.56
446,699,366,3,4598.14,88.18
447,514,372,7,5748.19,79.27
448,130,80,6,4615.94,23.65
449,695,425,6,3602.67,0.8
450,492,149,5,4577.35,24.77
451,157,374,9,1722.78,11.5
452,270,359,4,2603.5,47.39
453,106,359,9,1172.58,85.49
454,645,325,3,837.16,3.84
455,197,476,3,3717.98,9.09
456,53,195,7,4215.95,98.01
457,228,173,7,3083.69,64.39
458,312,57,5,5660.84,71.16
459,253,164,1,53.19,66.04
460,330,109,5,5455.47,10.08
461,190,130,8,1860.92,9.69
462,14,350,9,825.33,36.06
463,371,381,10,2260.97,65.02
464,216,300,7,682.87,62.96
465,617,62,1,5477.45,65.44
466,196,99,8,495.53,54.66
467,352,155,8,1251.89,72.08
468,45,66,4,4284.04,89.16
469,778,437,9,5374.73,44.85
470,735,61,7,2543.07,93.13
471,516,405,1,1681.18,96.75
472,297,24,10,5836.22,19.02
473,408,254,9,5830.65,16.55
474,769,261,7,2371.97,60.72
475,212,95,1,1345.96,69.67
476,526,234,9,3174.19,30.34
477,226,152,5,1068.1,4.56
478,244,150,1,5655.17,27.78
479,137,139,1,1531.6,82.34
480,548,60,1,3814.46,97.22
481,333,43,9,844.99,89.83
482,302,167,1,111.93,35.55
483,749,495,5,5831.05,53.74
484,797,481,10,4487.33,38.2
485,670,132,10,4910.24,22.06
486,276,105,10,5156.42,39.55
487,457,119,7,5417.9,9.37
488,186,236,3,1097.86,56.97
489,747,93,-5,1019.37,17.77
490,404,352,10,903.96,42.64
491,466,466,7,3184.33,72.68
492,13,309,2,173.26,82.66
493,782,426,1,4632.2,26.77
494,643,308,1,105.91,79.17
495,556,377,6,555.54,13.92
496,778,289,8,1878.94,47.89
497,250,29,9,3783.54,12.31
498,46,53,9,3093.68,83.65
499,146,1,-4,2591.46,14.74
500,672,147,4,4122.28,68.68
501,733,422,2,5945.07,22.45
502,289,183,2,754.19,92.33
503,87,459,1,1109.5,53.05
504,615,93,7,4020.28,30.16
505,294,179,2,3020.54,36.91
506,272,416,2,5177.2,97.8
507,797,336,3,2374.07,72.13
508,490,418,2,2593.35,72.67
509,149,47,6,1132.14,38.5
510,327,254,7,5838.45,60.17
511,652,171,3,3941.03,24.59
512,429,282,8,2980.98,53.62
513,236,197,2,2559.95,57.79
514,711,416,4,1449.4,0.29
515,18,186,9,844.88,11.02
516,358,185,3,907.63,85.33
517,432,125,4,382.4,13.78
518,713,361,3,206.76,96.49
519,381,28,2,488.93,83.74
520,162,16,3,520.01,7.71
521,583,426,7,1135.43,74.36
522,767,271,5,4349.22,44.4
523,661,356,1,977.53,88.12
524,33,310,3,114.66,83.27
525,697,486,8,4985.63,91.92
526,514,157,4,982.96,97.31
527,535,194,3,2432.39,5.6
528,402,95,9,509.39,69.24
529,489,161,7,1030.7,80.33
530,663,218,4,671.18,36.27
531,798,434,-6,1729.13,54.16
532,67,109,-10,5462.64,18.77
533,207,327,1,555.98,57.01
534,46,289,8,1921.75,94.35
535,9,183,5,3026.29,31.45
536,401,372,6,4230.81,9.74
537,418,460,9,4854.59,15.02
538,602,408,7,5219.43,3.74
539,166,78,8,3774.42,95.28
540,238,453,4,3942.61,76.88
541,165,494,9,4385.89,65.14
542,788,175,8,2067.17,36.03
543,442,21,7,5982.21,60.69
544,157,291,8,138.9,76.63
545,317,281,2,2756.11,16.97
546,303,83,2,2211.8,8.92
547,184,364,8,2865.9,25.6
548,453,333,3,5831.5,48.83
549,373,440,5,5149.16,91.71
550,133,226,6,3766.56,31.36
551,86,350,7,1613.82,87.55
552,699,22,10,389.5,79.06
553,717,421,-9,5125.71,29.07
554,163,292,7,1377.16,87.42
555,686,48,6,3872.78,90.01
556,477,56,2,694.67,95.95
557,407,394,7,2005.89,31.73
558,619,249,4,2883.51,27.84
559,40,280,3,915.81,21.35
560,582,17,10,421.28,80.85
561,441,243,4,5214.72,95.26
562,701,217,5,1097.83,14.17
563,281,208,2,4287.63,87.13
564,538,110,5,369.77,89.5
565,439,176,5,2128.19,41.91
566,487,275,3,2648.86,91.26
567,585,200,1,5367.99,19.86
568,741,342,10,1976.21,98.64
569,752,381,-6,5384.18,93.38
570,512,443,6,5821.36,40.64
571,534,370,1,5662.78,85.73
572,650,231,10,1350.81,97.9
573,431,357,9,3625.61,21.61
574,215,488,4,3482.18,1.44
575,373,9,5,3037.41,86.78
576,717,256,8,2142.79,82.82
577,437,268,6,1096.09,42.84
578,182,284,10,2643.46,28.5
579,676,353,7,4227.45,93.79
580,102,45,2,147.74,93.25
581,107,255,10,643.23,44.41
582,596,413,1,5117.65,21.19
583,796,233,9,1213.58,46.96
584,128,180,8,4931.49,70.38
585,759,203,1,4704.07,50.76
586,275,451,5,5420.9,90.93
587,690,124,1,2516.61,1.55
588,158,405,6,3137.83,74.12
589,326,172,3,5957.33,24.18
590,401,99,10,4979.87,80.13
591,592,220,3,2372.95,72.81
592,413,463,6,2652.54,9.96
593,130,259,2,4716.47,84.3
594,643,470,5,996.37,32.24
595,96,48,1,3791.92,59.33
596,29,317,9,518.7,38.24
597,761,376,3,3825.06,77.76
598,192,123,4,3235.73,24.53
599,799,414,7,3972.58,27.5
600,148,322,1,3497.16,10.34
601,471,475,10,893.92,26.2
602,185,48,2,2200.31,83.83
603,401,52,8,2511.78,48.65
604,641,40,4,2282.76,31.36
605,462,414,3,110.33,17.87
606,581,324,10,747.38,34.28
607,356,248,10,79.84,52.17
608,261,475,2,225.85,2.3
609,525,390,3,2221.1,89.86
610,31,168,3,4380.08,93.98
611,275,141,8,597.22,70.81
612,668,151,8,3000.02,51.27
613,410,473,4,1227.36,84.6
614,735,144,7,4769.26,58.76
615,170,407,4,2952.6,88.29
616,434,306,5,3756.32,60.73
617,440,103,10,5392.47,81.93
618,461,86,1,1555.73,40.98
619,619,424,9,228.14,17.99
620,331,220,3,482.21,65.7
621,381,75,6,1945.61,1.09
622,337,110,8,1963.29,23.26
623,68,198,5,3187.21,10.29
624,285,367,10,4854.19,67.13
625,588,458,7,2639.47,81.34
626,203,101,1,3016.97,99.03
627,432,62,2,3628.51,59.12
628,243,296,1,3879.82,85.61
629,5,467,8,5057.78,40.28
630,547,471,9,3886.42,6.95
631,98,425,7,1684.31,75.37
632,410,41,9,2988.22,4.71
633,306,357,8,3864.53,91.05
634,383,481,10,1382.89,82.55
635,143,54,6,4359.31,22.63
636,91,98,6,3248.47,0.49
637,705,445,1,4720.42,11.08
638,312,39,5,3695.87,81.25
639,277,358,3,3521.55,11.99
640,327,442,3,5332.4,96.58
641,424,327,8,3154.49,24.05
642,490,339,8,1965.37,73.09
643,232,48,5,4282.72,35.3
644,249,338,4,497.11,49.46
645,218,7,4,2341.11,48.76
646,349,107,10,3107.87,31.34
647,320,363,8,5094.45,10.57
648,134,113,6,2741.97,62.05
649,208,400,7,1703.14,16.42
650,315,488,10,926.37,87.62
651,763,57,-4,2792.04,26.68
652,488,339,9,1630.19,92.69
653,87,182,7,2411.72,43.08
654,342,28,8,631.99,64.86
655,750,476,7,1177.23,17.66
656,283,272,10,2629.71,68.12
657,662,128,2,366.17,3.57
658,273,123,2,1688.98,88.26
659,717,367,7,652.76,73.39
660,709,138,8,4725.08,34.76
661,295,362,10,68.49,18.51
662,718,319,8,5122.76,68.79
663,175,162,2,2026.32,45.52
664,14,342,8,173.92,97.44
665,79,88,1,5818.77,58.32
666,501,448,4,318.8,1.74
667,697,149,4,1045.46,14.66
668,97,52,5,2047.28,49.07
669,360,280,5,1558.54,45.88
670,362,155,6,4658.43,85.7
671,611,248,2,3139.89,63.98
672,152,211,4,892.72,49.78
673,251,296,7,4478.97,19.38
674,387,328,2,5269.01,67.88
675,461,491,9,5466.45,34.88
676,340,201,10,5963.97,30.93
677,43,297,9,5013.32,12.3
678,466,291,6,5818.35,49.89
679,702,76,8,3162.96,28.98
680,572,341,3,1765.15,79.98
681,16,233,1,4961.55,12.34
682,501,157,1,3978.51,0.06
683,258,71,6,4722.32,50.2
684,788,288,3,4293.52,14.26
685,751,101,7,530.27,21.89
686,485,478,6,4087.08,38.62
687,409,496,2,5525.16,59.7
688,178,289,7,1968.76,57.82
689,700,394,4,2527.06,19.95
690,313,44,5,3788.5,54.58
691,385,401,7,3183.1,69.41
692,516,479,6,2594.63,42.05
693,421,237,1,207.21,76.68
694,91,387,3,1849.22,24.26
695,525,192,3,5404.48,87.78
696,55,387,7,4036.97,46.28
697,782,448,9,373.36,5.47
698,666,55,6,4940.54,56.54
699,708,170,1,3528.47,51.08
700,735,28,4,3394.19,96.73
701,140,115,3,1899.8,98.92
702,7,413,8,1244.16,6.71
703,157,310,2,1520.88,10.36
704,26,427,9,381.14,12.18
705,415,248,3,5058.24,54.67
706,628,349,8,3722.09,43.24
707,652,12,3,4480.36,24.07
708,524,380,9,2908.78,28.94
709,103,492,10,4022.81,39.12
710,715,410,2,4890.29,14.82
711,291,235,2,115.57,30.28
712,661,334,10,5453.24,35.47
713,143,240,8,5891.43,35.77
714,516,108,6,3174.08,51.3
715,179,336,3,4329.29,33.93
716,733,440,3,4587.52,30.29
717,404,35,8,2856.93,65.9
718,590,363,9,3176.33,12.94
719,332,302,10,3723.98,40.38
720,47,16,3,4008.3,49.94
721,696,244,6,5888.9,80.86
722,751,408,4,5290.49,72.82
723,394,387,7,418.46,25.05
724,39,434,2,2277.22,63.13
725,31,473,3,4207.42,37.76
726,653,294,9,1552.34,43.75
727,293,116,4,2632.67,52.85
728,197,45,-10,5761.0,9.62
729,35,415,3,2189.39,40.8
730,560,443,2,4110.05,95.77
731,746,329,9,5002.8,57.04
732,486,257,6,5403.55,85.34
733,69,225,7,5250.16,56.92
734,131,401,9,751.67,23.06
735,616,277,-6,4936.9,28.99
736,258,200,6,5235.27,96.81
737,77,274,10,3130.67,61.12
738,320,205,10,4200.23,11.09
739,483,480,5,242.03,42.14
740,206,172,1,3305.17,73.39
741,776,340,1,483.83,94.8
742,625,360,1,471.04,41.62
743,758,314,2,2898.69,12.95
744,741,22,2,3070.25,65.03
745,442,245,5,5264.88,22.78
746,57,14,4,5168.75,68.19
747,756,10,9,2353.39,37.72
748,129,221,7,737.72,11.8
749,631,463,6,2091.6,91.81
750,244,119,2,1401.4,74.75
751,550,291,1,138.65,71.98
752,59,40,1,1124.53,4.37
753,359,309,4,821.81,39.78
754,674,63,2,5633.3,20.59
755,723,377,6,5159.62,44.35
756,310,483,6,1791.47,65.36
757,540,458,5,3271.44,10.44
758,355,462,7,3750.14,27.98
759,209,467,3,3149.92,30.49
760,567,108,2,4907.46,14.2
761,241,358,8,2749.89,11.42
762,511,429,1,3550.03,30.04
763,87,31,5,2334.42,1.88
764,392,197,8,1274.09,18.44
765,442,273,1,236.27,76.3
766,27,466,10,2050.5,82.82
767,269,415,10,212.7,72.58
768,637,223,7,5574.97,75.24
769,112,284,7,5598.21,28.74
770,548,238,7,3431.4,51.89
771,167,492,7,5956.05,23.82
772,16,144,5,1537.1,54.28
773,346,293,7,1681.91,26.87
774,257,401,-10,1876.03,66.08
775,271,434,3,152.74,0.89
776,38,495,6,5073.74,21.78
777,60,297,2,3681.45,31.4
778,66,226,3,4731.08,25.95
779,507,66,4,924.07,61.79
780,51,120,2,1146.32,50.67
781,451,297,6,4318.28,6.08
782,732,133,-5,5077.34,84.94
783,554,368,1,2130.89,7.75
784,455,58,9,1264.05,57.04
785,698,213,2,5261.33,14.31
786,335,311,6,2478.42,65.2
787,482,483,5,1003.86,4.46
788,154,467,-10,3673.78,80.8
789,524,367,9,4291.4,93.99
790,388,426,10,4371.25,38.11
791,665,41,2,5954.3,56.54
792,589,323,9,3256.86,12.12
793,541,409,1,3972.23,52.03
794,325,138,4,1793.74,24.4
795,249,410,6,1923.16,97.24
796,710,124,8,5287.35,36.19
797,361,287,9,2205.67,48.42
798,236,230,7,4975.54,98.67
799,551,126,7,4012.12,60.55
800,294,175,6,2480.59,50.5
801,152,295,8,4647.24,89.99
802,465,8,3,1617.09,55.46
803,482,381,2,252.75,43.14
804,707,86,2,5207.94,91.86
805,433,182,3,3363.8,71.2
806,122,173,6,3718.95,99.41
807,47,38,6,5468.51,63.08
808,759,428,7,2888.78,13.46
809,188,371,10,5622.9,8.38
810,8,304,10,3913.96,37.94
811,450,91,9,1711.83,77.3
812,238,153,8,3406.58,89.73
813,594,261,7,2335.2,75.73
814,147,22,4,1705.62,87.96
815,322,51,6,755.38,27.38
816,450,115,3,5510.27,98.88
817,772,55,4,888.97,20.68
818,521,387,-3,5420.12,95.99
819,553,276,-4,5003.4,2.58
820,209,145,10,2696.71,12.62
821,465,152,2,5519.14,11.99
822,443,253,5,864.07,27.85
823,685,60,6,4478.45,22.24
824,77,168,3,1692.84,63.06
825,526,345,2,1923.12,92.47
826,444,52,9,5056.51,66.11
827,642,19,1,3538.74,87.21
828,226,345,4,951.03,81.39
829,752,255,5,3826.9,8.87
830,529,439,-4,450.2,55.77
831,214,364,3,4143.49,61.34
832,647,299,4,2931.19,65.69
833,185,450,5,5256.48,66.8
834,502,408,7,3283.31,29.54
835,225,58,5,2710.68,24.74
836,436,60,3,1947.49,11.35
837,714,204,3,2928.25,80.47
838,501,308,7,222.33,26.79
839,221,456,7,4642.2,26.16
840,326,211,7,2579.94,26.07
841,56,138,8,2072.06,81.85
842,316,230,7,5259.95,53.6
843,799,321,2,3699.16,32.97
844,620,277,1,175.65,37.92
845,800,361,6,4612.71,55.29
846,671,26,9,3236.06,98.52
847,549,203,4,1010.35,37.39
848,424,111,9,5643.08,3.61
849,21,387,9,2417.73,48.49
850,161,145,-5,3807.76,68.81
851,35,140,2,2298.25,40.08
852,759,449,5,505.34,50.45
853,721,391,-7,4468.78,54.17
854,156,49,10,1205.99,60.57
855,320,402,6,4473.73,30.22
856,470,104,2,3953.5,47.14
857,299,220,2,2467.67,27.86
858,292,465,9,2325.33,99.32
859,746,202,6,4301.74,45.23
860,592,500,1,1431.09,36.98
861,577,56,5,4867.6,97.58
862,98,288,3,5655.46,59.34
863,86,73,7,2867.41,72.3
864,581,390,4,2985.84,41.19
865,759,173,3,4149.54,59.87
866,6,138,4,4778.44,54.56
867,321,492,4,4267.77,51.44
868,758,376,2,2582.93,7.75
869,131,388,1,4501.49,16.62
870,449,446,2,2573.88,17.07
871,538,250,3,3305.16,39.94
872,304,61,7,4333.66,88.02
873,278,268,6,2261.21,65.02
874,145,149,9,4826.74,95.2
875,381,266,10,2804.14,93.62
876,765,369,3,4304.73,47.39
877,326,214,3,448.94,97.7
878,320,360,4,608.39,45.86
879,97,32,10,980.9,35.05
880,573,453,4,134.07,19.26
881,292,421,7,1869.21,62.45
882,413,479,5,3867.52,20.26
883,607,79,2,1715.91,26.29
884,105,65,9,4608.02,33.02
885,791,437,10,5801.62,73.73
886,631,343,8,65.89,23.18
887,222,47,10,1030.67,87.46
888,332,40,1,4853.04,42.54
889,484,168,5,747.91,56.01
890,387,397,7,2162.2,83.86
891,325,272,2,5061.04,95.54
892,649,427,5,5047.26,56.05
893,502,356,5,3369.54,43.54
894,357,92,1,5139.47,77.07
895,355,373,7,3380.77,99.79
896,196,196,6,4498.39,1.07
897,453,185,9,3537.82,32.85
898,378,469,5,127.32,27.3
899,663,141,8,5974.64,70.43
900,281,321,1,4948.79,86.32
901,483,312,8,2867.02,87.49
902,769,280,2,221.58,89.43
903,157,362,3,833.31,41.96
904,123,29,8,420.84,9.75
905,558,143,4,4437.85,33.27
906,689,435,6,1056.82,98.63
907,740,484,6,5646.24,40.32
908,684,343,1,4959.03,50.15
909,747,137,2,314.83,60.85
910,706,259,7,4493.63,83.79
911,4,160,5,750.4,46.63
912,714,45,10,574.56,91.8
913,187,374,2,3567.33,96.58
914,786,87,1,2278.45,8.13
915,742,483,4,4101.3,94.27
916,196,383,3,2306.9,28.71
917,286,72,10,1394.46,18.82
918,205,91,5,2665.61,9.24
919,364,297,6,3868.86,44.97
920,647,352,3,5016.61,38.57
921,551,292,4,2631.43,64.6
922,699,408,5,4212.94,50.38
923,761,407,5,4651.78,25.82
924,479,134,1,3126.33,63.11
925,487,72,8,2265.08,37.79
926,603,462,1,672.45,35.89
927,9,82,7,2053.2,90.3
928,192,468,6,2827.71,18.62
929,23,225,10,3476.99,43.5
930,409,243,4,2270.63,33.79
931,695,206,5,5577.49,23.43
932,520,56,7,1652.7,57.75
933,608,15,3,5538.0,88.66
934,715,483,9,5835.95,75.19
935,134,340,6,370.11,9.04
936,785,73,6,1033.79,0.08
937,152,103,3,528.23,23.62
938,209,224,2,967.12,55.53
939,795,192,1,2101.04,47.08
940,704,202,4,4027.2,83.13
941,724,125,2,1944.22,93.53
942,410,396,6,4927.76,73.04
943,435,306,7,2113.86,66.99
944,601,14,4,1110.05,23.52
945,371,175,9,3682.87,75.17
946,80,331,4,1168.42,21.12
947,446,48,6,1120.26,15.07
948,319,199,8,5753.15,42.17
949,168,204,9,2816.29,8.26
950,703,376,2,2456.62,80.69
951,165,164,3,2334.74,45.47
952,498,335,7,374.34,42.5
953,760,325,2,4824.39,45.03
954,382,400,8,5072.8,97.18
955,115,403,3,3213.68,38.35
956,691,41,-3,5691.8,70.76
957,265,102,9,4379.39,45.5
958,50,238,5,5213.99,46.03
959,52,456,10,1551.34,33.75
960,304,393,1,1113.43,35.69
961,18,229,6,261.91,11.17
962,750,19,9,1529.33,8.4
963,97,65,3,2615.05,27.47
964,470,353,10,4962.15,83.49
965,751,421,9,291.81,32.66
966,40,76,10,3845.0,88.2
967,392,263,2,3838.61,30.2
968,411,12,3,1578.31,65.29
969,82,429,7,4772.19,57.09
970,311,316,9,4772.65,69.43
971,51,192,10,4576.28,43.69
972,765,353,3,4045.07,60.46
973,186,348,5,2472.74,1.87
974,425,337,3,2801.53,79.03
975,651,163,2,157.53,32.46
976,66,314,5,3675.43,46.06
977,431,326,10,2364.79,92.99
978,13,176,6,4944.64,15.18
979,761,256,4,1061.58,39.01
980,413,17,10,3806.74,56.13
981,354,43,4,3201.07,30.4
982,769,162,8,225.91,62.49
983,171,320,6,2521.59,76.49
984,770,499,5,2970.0,23.47
985,551,68,7,5105.53,9.7
986,224,109,2,1112.8,15.91
987,797,377,7,2144.55,21.78
988,614,143,6,3800.14,66.42
989,704,492,6,3218.42,22.51
990,414,254,8,5551.07,15.7
991,182,205,-5,4987.7,76.29
992,672,89,2,3935.97,97.42
993,421,97,1,874.5,61.99
994,83,307,10,5675.66,32.5
995,256,86,10,4121.96,95.18
996,24,381,10,3941.99,55.21
997,198,436,3,4352.21,23.93
998,484,480,4,1793.24,89.44
999,212,296,8,4117.84,44.37
1000,248,408,3,3026.28,11.12
1001,619,429,6,5457.83,24.49
1002,740,493,-2,242.32,67.69
1003,533,241,7,2531.68,26.0
1004,734,276,2,3661.51,98.92
1005,732,13,8,4369.89,29.3
1006,408,425,1,4313.92,51.16
1007,666,226,7,666.56,84.71
1008,777,423,10,715.11,16.9
1009,423,337,6,1496.26,48.26
1010,271,50,6,490.71,89.92
1011,504,386,4,2087.54,68.92
1012,339,404,8,3430.98,59.44
1013,780,72,3,204.35,88.02
1014,578,186,5,4309.23,56.76
1015,313,244,8,968.93,80.52
1016,132,76,10,2336.15,63.68
1017,29,436,4,932.76,1.21
1018,373,370,9,5976.9,40.58
1019,634,461,3,3880.92,58.71
1020,514,161,9,5199.18,48.52
1021,174,446,9,2929.79,37.99
1022,685,485,2,1890.38,22.43
1023,285,312,2,2171.18,45.93
1024,654,465,1,5082.19,78.31
1025,537,460,4,2213.18,3.28
1026,642,51,6,1665.27,96.17
1027,760,276,2,383.05,56.67
1028,254,126,5,1136.97,93.63
1029,251,117,8,5877.3,26.58
1030,285,47,4,5508.93,90.61
1031,136,268,5,1404.14,58.57
1032,596,245,8,5295.76,5.11
1033,650,38,4,2679.29,47.6
1034,103,278,10,2949.02,56.93
1035,596,221,2,2683.72,64.26
1036,604,413,10,5953.81,25.17
1037,417,308,5,1100.36,50.73
1038,527,146,5,3216.53,34.11
1039,695,288,9,2668.26,97.72
1040,187,250,1,5847.41,47.05
1041,168,92,2,4054.21,9.46
1042,454,176,9,1201.89,10.87
1043,238,110,5,1954.09,53.04
1044,106,351,5,1301.24,67.19
1045,332,81,4,4725.58,85.24
1046,625,340,3,3122.97,47.38
1047,610,404,7,1652.83,93.28
1048,484,479,5,1872.08,72.67
1049,764,162,8,3401.55,76.27
1050,6,391,7,2482.29,64.58
1051,144,500,8,165.9,70.43
1052,214,339,5,2272.18,32.18
1053,392,167,9,1236.74,21.5
1054,516,226,5,1496.67,32.55
1055,492,483,10,5828.24,4.6
1056,676,200,8,5922.23,58.61
1057,61,52,1,1692.48,36.94
1058,292,57,8,4511.47,32.45
1059,794,376,7,5250.01,58.98
1060,588,103,9,1509.1,57.27
1061,782,339,5,4912.99,68.96
1062,144,396,2,4210.55,73.91
1063,370,464,8,1328.14,32.13
1064,234,236,6,4082.13,70.41
1065,262,310,1,3871.33,42.73
1066,499,409,1,408.7,98.96
1067,383,9,10,240.9,50.42
1068,335,405,9,3470.15,63.44
1069,753,39,10,3371.83,11.23
1070,163,409,9,572.0,92.25
1071,625,333,4,4614.34,43.09
1072,284,239,8,5966.38,15.22
1073,339,38,3,2071.87,52.77
1074,710,379,7,2438.72,29.38
1075,639,425,-7,1390.12,42.71
1076,266,439,4,4618.28,53.24
1077,670,341,4,3467.91,35.46
1078,733,445,10,4649.3,20.61
1079,186,52,1,5669.74,3.95
1080,131,277,6,1998.39,31.53
1081,236,337,4,1021.57,99.1
1082,239,480,4,212.41,87.76
1083,451,64,-7,5211.82,85.42
1084,214,195,1,2425.11,20.56
1085,390,303,2,1091.83,91.33
1086,742,265,2,1297.35,94.07
1087,759,310,6,1935.43,19.1
1088,93,410,9,1568.94,11.2
1089,468,9,1,2549.08,96.16
1090,103,182,6,5027.38,43.41
1091,668,154,4,552.49,64.36
1092,400,449,-8,5787.2,72.96
1093,332,24,3,1105.28,0.93
1094,532,80,3,4585.61,6.12
1095,215,444,5,2518.51,15.75
1096,177,90,9,4464.7,81.03
1097,186,187,2,228.38,20.41
1098,414,321,6,1627.83,32.11
1099,27,170,1,253.63,87.2
1100,418,24,9,3611.12,52.52
1101,162,52,1,1375.06,41.99
1102,68,58,8,2519.71,89.81
1103,451,69,10,54.29,47.62
1104,264,66,6,2225.22,61.36
1105,734,50,8,4994.98,57.12
1106,129,113,9,5656.62,22.56
1107,85,381,2,1729.68,61.5
1108,256,116,5,3973.25,32.86
1109,474,343,10,3484.14,88.36
1110,779,461,3,2279.89,14.52
1111,755,479,1,4808.64,63.19
1112,203,94,1,252.98,79.48
1113,166,204,-6,2910.62,85.77
1114,193,322,10,5956.56,45.32
1115,270,280,8,1711.87,76.85
1116,346,173,3,4851.58,48.74
1117,563,234,2,2087.13,51.91
1118,65,401,6,201.21,54.33
1119,97,117,8,765.65,71.27
1120,130,448,6,2645.18,98.43
1121,85,495,9,4929.16,88.56
1122,524,100,3,1370.05,1.67
1123,752,382,6,4690.63,56.29
1124,544,269,1,2207.8,23.04
1125,544,86,6,4098.36,63.49
1126,634,116,3,5733.03,42.4
1127,208,143,1,5695.95,29.65
1128,535,498,7,2834.62,13.61
1129,308,1,2,3356.76,31.16
1130,752,314,10,402.37,41.04
1131,148,247,3,4851.58,95.09
1132,249,201,3,2376.45,19.34
1133,359,37,4,1693.5,89.26
1134,127,372,10,953.48,44.34
1135,689,142,-6,747.89,31.12
1136,106,396,10,3979.51,29.88
1137,128,278,10,468.9,97.9
1138,738,175,5,293.78,83.8
1139,262,58,8,1052.31,70.98
1140,499,389,5,663.15,99.76
1141,618,492,10,1485.69,85.0
1142,507,429,7,3846.46,86.52
1143,287,432,5,3859.58,32.88
1144,683,429,5,544.41,10.11
1145,498,125,10,3566.95,66.56
1146,107,400,8,5032.6,37.58
1147,532,446,7,691.4,83.82
1148,659,489,2,748.97,76.4
1149,370,298,10,2392.78,74.43
1150,356,332,8,3461.4,52.28
1151,409,417,7,202.56,56.69
1152,25,323,6,5527.98,80.19
1153,747,234,5,4113.92,35.24
1154,255,142,8,1980.85,69.91
1155,651,135,3,4636.31,54.73
1156,330,380,7,4696.76,17.21
1157,512,439,2,3717.6,73.99
1158,234,163,5,4345.55,63.95
1159,321,319,8,4551.56,20.21
1160,725,249,6,2654.73,36.15
1161,164,492,3,713.31,58.18
1162,519,359,9,3381.53,17.79
1163,634,357,2,588.73,59.8
1164,680,208,5,2073.98,35.38
1165,137,472,7,5738.65,81.46
1166,301,315,10,1976.83,22.48
1167,42,126,9,5956.43,2.64
1168,230,427,4,1393.7,64.79
1169,222,75,1,5789.31,85.75
1170,495,430,8,3329.8,56.81
1171,423,96,9,3782.17,88.86
1172,397,383,5,5892.4,80.34
1173,270,221,6,5556.76,23.47
1174,554,183,2,850.23,85.99
1175,720,127,9,624.9,91.75
1176,520,363,8,673.61,82.63
1177,234,369,6,3887.55,55.41
1178,230,239,5,366.55,61.88
1179,510,303,7,5974.94,2.21
1180,460,287,1,2885.93,70.63
1181,66,350,6,4327.27,56.98
1182,746,15,10,4240.1,94.27
1183,406,111,8,4198.38,30.47
1184,239,292,9,908.19,53.96
1185,698,301,6,5826.79,5.3
1186,773,184,10,5865.26,61.39
1187,543,212,3,1530.36,60.15
1188,778,92,-3,5576.52,72.87
1189,340,46,2,3465.32,94.9
1190,397,413,7,2872.72,84.73
1191,188,50,5,4258.21,87.91
1192,512,47,3,1243.61,35.12
1193,663,325,2,4523.3,52.39
1194,21,451,10,3364.91,68.27
1195,98,87,1,3198.27,0.47
1196,394,157,1,3430.07,37.48
1197,72,490,3,3744.19,18.18
1198,224,500,6,4114.93,15.47
1199,384,294,3,4252.89,87.97
1200,182,260,3,2698.38,62.21
1201,551,455,2,1904.41,29.14
1202,358,350,3,1045.94,9.97
1203,198,309,3,5523.99,93.78
1204,675,281,7,5666.87,66.87
1205,68,174,4,1474.74,81.76
1206,193,407,7,398.81,98.23
1207,492,416,10,3143.07,66.35
1208,329,467,9,4228.13,52.17
1209,776,280,4,856.08,76.35
1210,300,484,7,2293.55,49.05
1211,504,54,6,3677.5,30.59
1212,790,148,1,297.71,94.68
1213,315,457,10,3449.09,17.34
1214,322,379,1,330.88,30.29
1215,193,181,9,4961.1,87.37
1216,757,261,9,3077.04,68.11
1217,46,467,4,5702.29,89.24
1218,730,164,2,2996.89,57.11
1219,628,8,1,1275.88,68.94
1220,298,3,4,5495.71,33.08
1221,182,200,4,5034.83,4.48
1222,146,307,4,1586.2,92.22
1223,697,293,5,5278.15,73.66
1224,280,210,1,2511.16,27.81
1225,195,419,8,112.06,69.25
1226,43,357,8,4152.52,7.05
1227,118,60,3,2956.79,18.34
1228,336,86,5,4304.39,69.5
1229,292,275,5,3442.14,10.85
1230,123,203,4,3350.76,49.8
1231,131,266,1,700.6,22.86
1232,398,95,2,4848.13,24.18
1233,631,190,8,2680.04,76.91
1234,679,479,9,1174.37,21.04
1235,326,23,-10,958.63,85.95
1236,257,472,3,1243.86,64.41
1237,401,195,3,3058.29,22.52
1238,643,100,6,2661.29,87.13
1239,72,432,4,1762.45,16.11
1240,561,494,6,4124.34,40.99
1241,548,9,10,4358.27,32.17
1242,40,74,2,85.11,0.34
1243,60,417,7,761.87,22.45
1244,644,19,10,167.77,82.4
1245,488,480,10,1730.69,61.6
1246,461,467,4,3695.02,34.51
1247,652,233,8,961.17,53.65
1248,369,115,3,4399.32,96.3
1249,398,132,3,174.58,80.55
1250,148,22,8,5284.84,85.17
1251,412,65,6,2464.46,88.36
1252,472,376,8,2361.23,36.36
1253,334,341,7,3203.12,24.6
1254,730,98,10,5247.96,65.93
1255,634,187,8,4595.66,40.82
1256,660,158,4,2847.88,54.28
1257,464,154,10,1236.49,33.77
1258,161,338,7,2619.11,94.32
1259,25,356,4,4018.61,27.33
1260,764,349,10,3865.37,57.51
1261,203,78,7,1511.91,73.85
1262,781,477,8,5601.47,61.23
1263,753,322,1,4732.43,8.58
1264,9,472,1,585.18,93.16
1265,366,104,3,1879.99,6.6
1266,639,466,6,4978.11,47.51
1267,721,90,5,4823.9,15.98
1268,156,84,7,5465.88,40.97
1269,576,283,8,1723.35,84.8
1270,256,500,2,922.55,44.49
1271,774,21,3,2863.24,47.69
1272,786,11,10,4916.81,93.09
1273,599,293,3,168.15,49.18
1274,688,291,6,5927.5,88.65
1275,71,91,3,4080.37,91.68
1276,114,479,4,1958.16,71.14
1277,86,182,10,2993.76,62.19
1278,605,214,3,1553.66,51.34
1279,533,463,1,5439.61,5.2
1280,245,359,5,5977.12,33.75
1281,280,384,8,2030.87,3.14
1282,640,6,-10,2314.99,90.45
1283,390,199,1,1658.19,37.51
1284,376,412,9,4715.52,40.72
1285,351,68,6,3336.68,48.88
1286,274,43,8,554.53,66.62
1287,327,442,9,186.89,12.85
1288,781,55,4,2271.66,15.4
1289,243,399,2,107.39,1.34
1290,350,446,10,3517.39,96.56
1291,472,324,6,679.7,12.2
1292,722,72,4,5563.04,18.56
1293,736,488,-2,4759.98,23.31
1294,52,368,2,3771.44,19.26
1295,203,363,8,1157.09,28.81
1296,693,304,1,3070.13,7.96
1297,203,135,3,3473.83,18.93
1298,127,360,2,5099.27,75.63
1299,234,84,7,3574.23,60.16
1300,519,328,5,1543.15,34.48
1301,247,272,1,5810.43,25.17
1302,773,83,2,2988.84,90.27
1303,62,318,7,4598.38,71.61
1304,13,382,2,4639.75,91.45
1305,715,349,10,441.98,26.24
1306,327,231,6,2908.67,49.97
1307,782,251,6,4482.57,22.81
1308,175,22,6,5285.85,32.44
1309,413,238,8,895.39,75.06
1310,430,487,1,4740.18,38.15
1311,648,77,7,2634.57,81.74
1312,177,78,10,1341.11,1.64
1313,484,77,5,179.0,39.22
1314,311,425,9,1180.18,60.68
1315,512,222,7,1000.93,96.91
1316,62,181,2,1973.53,47.67
1317,297,73,4,2990.68,21.64
1318,503,7,5,2064.55,31.06
1319,634,220,10,820.1,28.19
1320,743,192,3,5824.06,6.31
1321,458,190,7,5670.23,68.83
1322,321,325,8,3352.22,57.72
1323,340,358,4,5794.57,78.16
1324,587,498,4,3675.85,81.33
1325,256,251,10,165.41,51.1
1326,98,197,3,533.78,49.09
1327,618,462,5,2367.98,19.32
1328,789,142,3,4677.67,47.37
1329,229,325,1,4957.78,48.26
1330,150,402,5,2933.95,31.42
1331,550,103,4,3605.64,12.04
1332,752,32,4,3049.57,24.82
1333,386,217,1,1265.23,29.61
1334,30,334,7,2816.39,90.98
1335,152,229,7,3583.38,75.85
1336,111,480,5,1226.8,60.65
1337,292,84,10,5738.83,12.39
1338,335,283,8,1925.85,72.05
1339,564,14,7,2403.45,32.66
1340,779,18,5,4551.12,3.94
1341,524,29,3,5565.34,13.99
1342,105,268,3,1448.33,75.47
1343,366,174,2,4517.56,49.25
1344,559,32,9,4748.89,69.46
1345,562,422,2,2718.56,11.52
1346,268,117,4,4116.96,2.42
1347,659,432,4,300.95,75.85
1348,157,489,3,1971.55,75.6
1349,687,203,1,1773.35,2.35
1350,732,357,7,288.77,58.97
1351,214,118,10,2128.82,8.06
1352,377,261,3,955.92,0.73
1353,643,382,10,3359.76,51.09
1354,164,428,4,1574.86,19.58
1355,267,202,2,2737.32,44.55
1356,668,344,9,1267.31,11.27
1357,397,412,2,5251.69,20.01
1358,584,377,5,4061.53,88.67
1359,311,185,8,3775.4,56.68
1360,259,112,-9,123.54,82.96
1361,342,106,8,2362.0,32.74
1362,401,309,3,2907.04,59.67
1363,684,439,4,688.21,0.03
1364,32,318,1,5683.38,93.02
1365,311,228,7,5769.19,9.72
1366,377,111,4,4463.99,37.28
1367,287,214,1,258.21,12.01
1368,146,135,8,5329.8,80.06
1369,210,62,1,5595.66,17.46
1370,116,45,4,5324.32,69.49
1371,280,139,1,2904.36,73.14
1372,157,111,2,2295.68,3.72
1373,443,426,8,5838.8,57.68
1374,46,337,2,5264.44,70.99
1375,737,246,4,195.26,27.2
1376,193,121,8,5975.23,4.41
1377,577,428,7,4232.53,79.2
1378,733,435,1,576.08,36.73
1379,484,279,3,5415.83,72.62
1380,554,75,6,2113.39,17.4
1381,412,191,8,4615.51,14.76
1382,689,385,8,2476.56,96.14
1383,89,309,5,2030.18,35.87
1384,478,231,9,1027.44,4.28
1385,519,471,3,3264.26,83.2
1386,164,436,10,4906.74,20.58
1387,710,203,2,5290.3,99.05
1388,558,22,9,74.04,93.45
1389,681,483,3,4119.86,78.77
1390,501,60,6,4791.63,54.85
1391,405,268,7,2139.25,40.8
1392,770,55,4,2749.24,83.43
1393,772,97,1,5817.22,79.99
1394,508,74,2,1874.01,75.58
1395,311,423,4,624.69,81.45
1396,25,9,1,1282.17,82.77
1397,697,37,2,5708.53,42.19
1398,367,339,-7,3605.49,34.32
1399,384,107,5,3558.66,47.84
1400,630,304,1,5863.23,50.0
1401,360,16,5,5173.99,38.38
1402,552,395,2,3543.39,88.06
1403,702,252,1,5778.47,75.9
1404,89,244,5,543.64,72.43
1405,733,324,2,4506.86,24.14
1406,481,18,6,4674.12,85.46
1407,222,315,7,4118.75,59.34
1408,692,400,1,2694.36,50.21
1409,475,141,10,5553.63,65.37
1410,50,130,10,3124.58,17.39
1411,463,151,3,3626.67,42.67
1412,704,80,2,2943.17,0.57
1413,795,382,3,311.05,18.27
1414,349,444,10,1410.96,44.47
1415,718,486,2,878.27,74.04
1416,620,289,1,2231.72,69.89
1417,22,363,9,2241.32,54.35
1418,429,243,1,3365.83,42.23
1419,67,45,5,4004.98,47.46
1420,520,471,4,5259.42,12.1
1421,166,45,10,1219.28,65.99
1422,560,192,9,447.57,79.0
1423,190,299,7,286.55,20.24
1424,308,69,-7,406.96,78.81
1425,116,269,5,102.7,88.04
1426,141,164,4,4817.29,18.87
1427,487,245,8,1075.89,55.3
1428,643,278,2,805.39,50.99
1429,779,35,8,5924.8,56.62
1430,253,321,7,2202.25,22.53
1431,269,209,1,305.31,32.05
1432,405,15,4,5588.14,39.08
1433,621,429,4,807.59,61.49
1434,522,456,7,4544.81,15.73
1435,614,267,5,496.58,59.98
1436,428,34,9,5355.32,14.56
1437,657,21,6,1720.96,65.02
1438,350,156,9,5519.99,85.54
1439,482,262,8,5233.4,68.85
1440,712,287,10,4725.61,13.73
1441,346,47,8,3219.8,61.64
1442,65,129,5,5254.77,59.44
1443,234,161,6,3417.79,34.85
1444,314,99,6,2498.66,26.39
1445,435,343,4,5348.77,13.93
1446,789,353,5,4131.58,71.26
1447,567,165,4,3511.41,17.34
1448,742,371,5,1274.12,78.99
1449,346,94,8,2380.2,71.7
1450,582,236,9,1565.62,7.21
1451,128,495,7,5904.01,0.33
1452,194,416,5,2755.83,99.09
1453,598,421,5,2551.93,26.57
1454,438,322,8,2884.39,38.69
1455,123,72,3,4572.74,99.42
1456,43,434,2,3313.52,26.84
1457,99,474,7,5353.3,56.66
1458,11,58,6,4331.45,28.42
1459,247,119,4,3445.17,26.67
1460,566,182,4,3344.58,31.67
1461,226,88,7,3716.96,95.45
1462,94,293,10,1654.89,48.63
1463,98,127,7,2784.06,16.56
1464,178,470,4,68.85,67.12
1465,446,297,10,2704.68,23.22
1466,84,210,8,4448.03,38.45
1467,630,385,-7,4602.08,20.51
1468,690,252,7,3167.42,32.21
1469,512,260,10,2681.03,20.55
1470,148,361,2,4208.63,37.77
1471,414,107,4,2460.36,24.88
1472,298,461,4,5272.5,96.07
1473,703,479,10,4200.61,45.22
1474,23,200,10,2316.78,49.1
1475,742,229,7,1566.81,22.86
1476,376,467,5,1052.82,85.36
1477,661,265,10,1214.49,3.63
1478,391,187,1,585.34,91.58
1479,95,316,9,521.57,93.2
1480,464,77,5,2643.57,87.1
1481,191,118,7,3147.02,23.18
1482,95,318,1,4709.45,87.18
1483,759,91,5,5655.0,89.49
1484,242,9,4,508.43,77.28
1485,276,419,3,4685.4,55.34
1486,378,371,3,5596.29,24.56
1487,9,167,3,3103.81,2.07
1488,517,459,1,1043.66,46.91
1489,136,124,10,3464.49,27.93
1490,252,233,3,4294.91,16.21
1491,621,387,1,2295.68,0.06
1492,472,271,8,2400.35,54.15
1493,414,456,9,3901.75,51.97
1494,621,296,7,3164.65,40.77
1495,516,440,8,266.68,7.34
1496,377,432,5,5429.78,38.26
1497,307,192,1,1232.28,1.6
1498,446,397,3,3563.06,75.88
1499,144,333,5,896.78,90.05
1500,450,130,8,4291.7,37.16
1501,210,238,3,355.51,94.77
1502,656,473,2,366.06,46.51
1503,396,455,7,1799.01,82.11
1504,565,245,1,5218.34,47.95
1505,361,170,4,3064.97,1.11
1506,104,75,9,196.87,21.87
1507,534,191,1,2037.54,61.29
1508,356,319,6,352.95,51.7
1509,127,453,8,2628.78,51.4
1510,683,400,9,3419.79,6.73
1511,158,478,7,4299.91,73.14
1512,651,137,3,5494.22,9.32
1513,394,142,7,311.88,1.21
1514,137,100,7,2534.65,82.59
1515,156,219,9,5943.04,21.06
1516,68,84,1,2921.85,6.61
1517,480,469,3,2986.22,8.0
1518,471,416,6,5877.78,85.06
1519,265,296,9,5412.89,74.21
1520,647,341,6,4023.12,83.54
1521,604,267,5,4680.86,24.53
1522,23,223,8,5642.64,30.06
1523,742,208,1,1837.04,86.31
1524,110,422,3,5074.7,21.9
1525,255,238,3,4199.42,50.58
1526,423,381,7,2020.72,8.11
1527,167,320,8,3994.15,77.5
1528,59,224,7,966.57,47.32
1529,32,171,6,1452.31,87.91
1530,504,476,7,2461.64,84.95
1531,294,125,10,2049.86,59.8
1532,608,193,2,539.75,73.74
1533,154,277,7,599.27,97.01
1534,715,332,3,62.42,17.76
1535,137,150,6,5512.6,70.0
1536,683,293,2,5362.63,33.01
1537,40,299,2,3705.46,82.14
1538,197,405,3,4953.94,49.04
1539,274,304,5,3180.22,83.18
1540,292,71,2,5121.75,15.74
1541,795,359,9,3658.58,68.9
1542,33,202,6,4184.71,81.03
1543,368,488,9,3938.26,81.46
1544,429,414,4,5090.38,66.63
1545,216,124,8,973.55,7.95
1546,602,449,2,5989.44,12.61
1547,741,38,5,4141.97,57.93
1548,736,247,7,5582.75,66.83
1549,688,283,10,4269.21,89.56
1550,672,18,6,1189.36,6.61
1551,33,431,5,4884.49,46.35
1552,408,402,6,4903.9,74.53
1553,725,217,6,4521.51,86.81
1554,189,4,3,2524.02,48.69
1555,343,76,1,1478.14,60.39
1556,285,465,4,2536.33,77.09
1557,647,185,6,2269.49,0.27
1558,495,396,9,929.44,68.04
1559,755,381,9,2374.61,52.87
1560,605,314,10,4629.79,73.13
1561,41,233,10,3255.81,75.58
1562,46,146,-6,3556.46,96.51
1563,65,243,7,5488.93,60.88
1564,237,473,6,1376.25,26.47
1565,668,437,1,4027.17,57.96
1566,405,136,1,291.24,95.2
1567,461,123,-7,334.19,7.61
1568,281,275,9,147.24,86.85
1569,751,407,5,3996.72,49.66
1570,595,110,9,1760.96,11.59
1571,241,474,7,2005.09,54.51
1572,206,8,7,3898.72,94.66
1573,22,51,3,4399.55,16.9
1574,300,344,5,5440.43,20.41
1575,168,186,2,1768.23,99.79
1576,709,281,2,975.63,12.14
1577,4,489,4,4633.52,75.84
1578,277,495,3,2735.18,12.14
1579,785,428,9,776.48,66.8
1580,285,403,2,597.58,17.64
1581,194,280,5,5469.97,62.03
1582,785,45,2,2085.5,52.21
1583,707,274,4,5552.05,63.16
1584,31,175,7,2622.79,80.73
1585,795,416,7,1181.35,63.75
1586,793,301,2,4480.67,83.45
1587,800,254,9,2354.29,64.25
1588,204,461,1,1169.08,57.09
1589,18,341,6,2522.43,83.75
1590,323,442,8,5065.98,59.46
1591,575,393,2,2866.91,55.36
1592,565,372,6,4874.43,78.61
1593,654,163,4,4941.88,29.35
1594,110,29,5,5990.5,69.59
1595,389,79,5,2501.58,7.44
1596,544,187,2,4444.84,40.69
1597,27,146,6,603.8,13.74
1598,538,309,10,2207.07,9.52
1599,271,394,6,786.18,57.64
1600,597,410,2,1695.26,84.15
1601,564,387,9,524.0,71.28
1602,592,446,9,3336.58,29.75
1603,414,386,1,5273.89,9.3
1604,342,138,1,611.17,94.47
1605,5,55,8,4866.53,40.6
1606,110,136,3,3389.08,79.41
1607,84,172,3,5513.07,70.07
1608,107,323,1,4386.05,12.67
1609,756,491,9,2477.07,68.14
1610,280,296,4,1465.57,42.97
1611,628,342,7,3190.3,34.43
1612,415,499,10,3491.07,26.94
1613,632,439,2,1567.25,60.53
1614,2,59,7,4493.37,69.13
1615,591,95,10,4042.59,13.24
1616,42,119,4,4400.95,68.41
1617,137,495,4,720.05,0.28
1618,216,368,2,131.87,10.7
1619,212,229,3,3905.38,12.32
1620,378,167,7,3137.25,27.51
1621,680,104,3,2151.41,87.0
1622,679,125,8,1679.69,4.89
1623,4,222,8,4699.29,83.37
1624,767,235,9,2509.76,88.13
1625,145,146,5,4625.87,47.32
1626,781,272,2,2119.67,64.43
1627,461,103,5,5782.87,26.96
1628,492,113,8,152.02,23.44
1629,498,197,4,3332.89,64.19
1630,149,57,5,3156.07,68.99
1631,279,442,9,4491.1,2.03
1632,581,491,2,1732.74,80.97
1633,776,491,9,3467.76,92.44
1634,188,322,8,70.06,95.86
1635,336,394,9,2080.71,48.1
1636,192,56,5,2577.85,69.6
1637,279,301,4,4035.53,96.07
1638,579,289,6,2857.53,19.63
1639,251,167,1,2173.44,75.89
1640,546,171,8,5747.14,1.64
1641,79,53,10,1426.26,86.66
1642,210,240,7,4444.76,10.26
1643,562,226,3,1326.48,37.09
1644,38,132,1,2484.37,99.13
1645,659,302,8,606.22,92.36
1646,627,61,2,4757.04,53.69
1647,645,481,4,4149.53,54.11
1648,674,388,1,2962.82,99.23
1649,422,455,6,3047.02,22.93
1650,590,143,1,2126.3,35.69
1651,464,285,-3,630.19,62.72
1652,22,342,5,4942.77,23.42
1653,47,376,3,1293.97,13.26
1654,472,32,8,850.36,11.79
1655,742,105,6,5286.99,29.96
1656,704,222,3,5010.04,15.91
1657,388,4,3,3221.53,68.44
1658,431,56,2,1310.12,15.37
1659,112,223,4,1038.83,71.37
1660,731,285,9,5595.71,89.9
1661,600,169,8,5983.45,53.28
1662,581,111,8,3685.15,79.47
1663,286,162,5,5560.97,79.83
1664,21,101,7,4646.72,46.49
1665,94,448,10,4182.38,90.08
1666,236,378,9,723.33,47.93
1667,666,298,3,1119.77,87.58
1668,130,124,1,3661.06,88.44
1669,248,276,9,3174.2,9.35
1670,268,171,9,1110.94,42.77
1671,211,72,4,581.83,14.78
1672,453,37,7,3303.02,73.77
1673,330,236,3,5956.87,33.77
1674,34,392,1,4663.06,69.09
1675,741,16,2,4557.47,80.8
1676,600,42,2,2910.64,80.54
1677,450,402,9,390.62,63.08
1678,620,14,3,1911.42,67.22
1679,517,331,5,1601.78,8.5
1680,152,308,10,1758.74,52.22
1681,787,40,3,4591.21,50.14
1682,44,161,7,3067.5,46.73
1683,46,307,-1,1604.65,24.56
1684,354,326,6,4357.2,27.51
1685,154,208,7,1453.02,14.93
1686,276,262,4,2248.92,4.9
1687,318,421,3,2283.19,4.19
1688,732,21,8,1287.1,41.02
1689,629,286,8,4729.81,1.7
1690,640,399,9,433.86,26.78
1691,49,476,2,1554.25,52.86
1692,570,469,9,1606.57,73.33
1693,660,91,9,3015.76,93.09
1694,529,100,7,1166.72,64.77
1695,410,138,4,439.91,69.66
1696,634,348,5,3154.25,64.52
1697,683,375,5,993.63,24.27
1698,430,388,3,4365.11,52.83
1699,220,54,5,1548.51,46.2
1700,42,421,7,5894.14,38.99
1701,364,485,6,5204.33,4.23
1702,413,404,4,2245.83,54.35
1703,192,151,4,5473.03,2.33
1704,87,241,7,4762.96,86.31
1705,526,295,9,5512.41,77.2
1706,749,56,6,4199.57,51.87
1707,283,170,3,4998.93,6.15
1708,705,175,1,3852.53,99.31
1709,299,123,4,1293.18,76.5
1710,364,100,9,1924.69,70.89
1711,405,373,4,4845.39,9.01
1712,729,308,8,4341.45,78.74
1713,558,25,10,1484.52,9.14
1714,696,102,8,2459.72,32.3
1715,232,21,7,4354.0,95.62
1716,769,314,9,5772.12,99.14
1717,98,237,9,4684.53,72.03
1718,538,457,-1,1149.73,82.03
1719,31,301,2,2519.38,54.97
1720,612,269,1,2294.88,47.23
1721,720,255,5,4947.09,59.61
1722,743,465,7,5299.57,68.01
1723,402,189,10,846.86,5.79
1724,319,310,2,5231.51,63.93
1725,589,147,2,1393.77,39.7
1726,489,176,1,4551.3,40.73
1727,175,418,3,3659.08,50.59
1728,76,123,8,2059.28,7.67
1729,262,479,1,5150.8,29.39
1730,533,275,7,304.98,36.68
1731,22,399,6,5616.77,42.87
1732,762,24,9,743.25,12.88
1733,800,434,1,5665.9,87.48
1734,57,267,4,2417.09,60.74
1735,782,14,7,2760.99,32.04
1736,764,109,2,4617.19,25.4
1737,349,183,1,3079.0,18.34
1738,586,56,8,2937.36,76.31
1739,660,463,3,5904.32,83.14
1740,298,384,1,1858.84,55.45
1741,541,230,4,1462.68,86.28
1742,564,378,9,324.42,23.37
1743,384,315,2,4018.8,45.15
1744,711,10,10,3069.03,99.32
1745,595,363,2,1750.3,18.18
1746,17,366,8,3518.25,16.56
1747,775,307,10,3774.48,76.66
1748,587,414,7,3957.79,83.03
1749,658,310,10,4071.66,76.11
1750,468,46,9,3234.82,36.62
1751,394,327,10,2015.61,10.29
1752,22,396,9,3438.42,79.23
1753,200,489,3,694.71,83.92
1754,229,151,3,2607.75,56.39
1755,57,209,10,5940.63,47.3
1756,408,328,2,2535.34,89.16
1757,658,227,3,1891.54,94.3
1758,742,117,9,1988.38,66.25
1759,371,333,4,3145.24,65.73
1760,575,388,1,5886.57,82.8
1761,353,492,7,750.94,14.25
1762,712,290,10,228.14,80.46
1763,151,208,10,3289.78,14.66
1764,677,137,2,2325.48,37.83
1765,417,323,2,1338.96,56.18
1766,437,51,3,4853.03,31.37
1767,345,473,2,1192.64,26.7
1768,555,77,4,4650.21,84.98
1769,279,321,1,5003.55,16.42
1770,771,115,-1,5120.64,43.42
1771,401,465,7,378.15,83.37
1772,782,199,9,533.22,19.33
1773,627,172,1,444.02,52.78
1774,627,332,5,3797.68,7.32
1775,756,165,1,4653.24,86.29
1776,535,101,10,3870.34,62.7
1777,52,374,6,1714.81,1.68
1778,508,226,8,2374.89,5.82
1779,460,454,3,4589.65,41.16
1780,134,306,3,3355.01,9.21
1781,504,372,8,5542.39,98.2
1782,579,359,10,4677.55,2.27
1783,537,346,9,5823.27,19.84
1784,465,119,2,5727.45,31.42
1785,733,477,3,5499.13,40.13
1786,479,279,2,1269.26,99.61
1787,169,348,2,1022.13,37.98
1788,225,385,7,3104.1,66.96
1789,136,240,8,5859.78,37.6
1790,195,112,8,4023.86,29.67
1791,271,304,1,1053.73,57.88
1792,49,73,7,305.86,81.75
1793,442,142,5,1457.22,20.49
1794,257,426,2,3228.38,92.77
1795,475,380,8,1063.39,18.66
1796,15,427,3,5275.18,89.43
1797,604,275,3,1200.64,51.94
1798,430,88,10,4420.56,49.13
1799,749,352,10,4559.38,86.66
1800,238,448,9,734.16,51.53
1801,557,349,6,2063.9,57.24
1802,461,492,1,4231.77,54.46
1803,652,220,7,5967.08,45.36
1804,717,32,7,3003.96,90.03
1805,531,400,3,142.0,76.45
1806,386,277,3,5052.05,18.04
1807,645,179,6,562.83,39.34
1808,676,188,1,3257.49,44.73
1809,108,352,5,944.53,7.29
1810,667,395,3,3445.18,32.74
1811,408,497,8,5731.6,55.75
1812,548,396,5,3759.45,54.19
1813,560,445,1,804.9,91.86
1814,339,409,1,4166.17,22.98
1815,556,222,10,1542.09,96.91
1816,664,67,5,2059.44,73.54
1817,525,284,2,1737.22,45.19
1818,559,260,8,4519.49,3.58
1819,671,226,2,1115.3,89.52
1820,412,230,7,3258.66,97.21
1821,192,14,10,2313.67,7.8
1822,629,33,8,3216.57,38.45
1823,154,439,10,2646.96,49.72
1824,158,429,3,3481.99,49.39
1825,768,20,9,3170.1,39.86
1826,191,350,4,4188.23,88.3
1827,680,459,6,2371.42,72.77
1828,340,352,8,232.27,12.48
1829,287,461,9,4491.51,85.25
1830,275,129,3,2389.38,59.36
1831,201,72,6,3687.76,18.57
1832,253,325,3,4449.2,84.67
1833,401,426,4,1207.68,96.05
1834,587,479,2,1028.31,7.96
1835,697,469,6,4580.91,72.24
1836,495,92,6,5813.34,17.19
1837,604,114,4,3667.23,68.64
1838,105,115,9,4278.16,36.92
1839,27,488,8,5739.74,94.96
1840,573,167,1,4548.13,77.3
1841,295,423,5,1205.25,62.81
1842,123,450,9,493.33,83.24
1843,493,307,8,1234.93,83.3
1844,342,298,4,274.26,83.86
1845,216,202,5,1797.22,10.75
1846,336,104,2,1082.38,61.94
1847,220,419,7,5082.96,52.45
1848,244,409,7,1938.06,1.61
1849,636,137,3,3877.71,10.91
1850,789,406,2,2155.46,45.66
1851,631,271,2,3166.14,56.15
1852,620,376,3,90.02,36.1
1853,241,433,9,5145.9,34.83
1854,167,456,3,3366.57,91.29
1855,795,220,7,1980.51,77.29
1856,519,213,8,1713.25,86.26
1857,142,253,6,5899.77,89.32
1858,287,278,6,2560.69,36.37
1859,325,404,10,3037.09,30.45
1860,630,467,2,4883.89,42.81
1861,341,14,3,87.23,3.94
1862,160,411,5,1415.96,64.73
1863,238,38,4,5270.36,88.31
1864,119,410,6,461.99,0.56
1865,349,247,1,3818.84,42.57
1866,756,94,2,1741.96,51.98
1867,632,197,7,5970.85,49.06
1868,512,494,4,5398.27,78.88
1869,737,487,5,940.74,0.64
1870,376,434,9,4236.92,91.92
1871,295,108,2,4842.04,17.29
1872,557,414,2,1183.02,6.29
1873,205,311,3,3888.63,62.69
1874,640,48,1,98.28,8.99
1875,251,213,5,1263.54,55.27
1876,354,13,9,2856.38,51.87
1877,90,341,8,1124.96,35.01
1878,476,165,5,2210.97,62.77
1879,496,70,7,3448.75,3.27
1880,146,317,2,4664.33,66.98
1881,465,196,9,658.39,5.31
1882,187,368,8,3890.25,17.55
1883,469,352,4,4733.91,72.83
1884,579,336,10,5742.31,92.61
1885,334,94,3,5733.4,90.96
1886,220,380,7,5734.28,73.28
1887,335,337,10,1854.03,55.31
1888,148,122,3,2213.97,96.42
1889,592,439,9,3357.87,30.81
1890,428,63,8,2805.01,74.37
1891,505,113,3,1774.56,94.19
1892,585,171,5,3486.77,95.31
1893,511,313,2,2708.62,82.49
1894,597,225,1,1087.27,6.99
1895,57,170,4,3595.58,75.97
1896,510,369,2,4262.12,81.75
1897,142,297,9,3137.72,13.07
1898,29,416,2,2217.63,72.92
1899,744,442,1,1080.93,88.34
1900,272,390,9,4874.46,68.6
1901,477,266,9,3435.08,34.93
1902,216,355,6,2176.32,23.68
1903,548,202,1,5539.16,79.03
1904,788,21,-4,5869.04,23.63
1905,398,331,2,5138.35,57.39
1906,113,236,2,5237.36,95.41
1907,746,293,-2,937.83,57.72
1908,798,475,10,4000.85,9.25
1909,204,245,5,4422.79,19.29
1910,627,422,4,3480.47,99.22
1911,85,108,10,3671.75,11.52
1912,408,25,3,737.58,15.74
1913,704,474,8,4528.33,13.96
1914,118,311,2,2326.36,10.45
1915,186,22,2,239.91,13.6
1916,352,339,9,5597.79,19.8
1917,638,383,4,3452.71,43.14
1918,346,107,-9,1114.08,65.06
1919,682,416,5,666.6,76.44
1920,289,91,2,185.12,55.84
1921,405,321,9,2056.08,0.87
1922,681,168,3,1755.94,12.88
1923,606,100,6,2132.35,38.05
1924,68,415,1,1326.98,66.7
1925,611,177,3,3521.58,82.35
1926,795,50,4,755.97,27.55
1927,435,479,6,3260.85,38.74
1928,781,474,3,210.9,94.15
1929,761,399,-3,5941.09,93.02
1930,433,64,6,2901.9,55.75
1931,285,31,3,416.04,71.88
1932,88,221,7,183.16,22.82
1933,130,441,5,5673.66,10.7
1934,328,134,3,4122.47,64.2
1935,228,360,5,398.95,1.69
1936,372,465,7,3408.35,76.84
1937,463,189,7,1884.14,6.49
1938,454,303,6,2579.76,17.25
1939,253,129,8,864.31,81.01
1940,473,223,1,3351.9,76.92
1941,527,63,1,4846.28,73.67
1942,423,284,4,2421.9,76.34
1943,93,251,3,303.61,1.31
1944,100,416,6,931.39,3.05
1945,738,56,6,2807.56,19.55
1946,44,210,8,370.6,71.26
1947,341,41,1,1761.97,97.0
1948,283,252,5,2433.67,11.42
1949,202,13,1,1131.27,53.17
1950,541,347,6,4235.28,59.62
1951,509,16,4,82.53,19.9
1952,688,412,4,981.68,80.99
1953,451,473,5,5343.34,43.68
1954,153,41,6,3171.46,83.07
1955,717,438,-8,392.61,26.6
1956,425,218,2,2015.47,58.93
1957,774,35,2,3551.66,66.65
1958,128,468,5,4506.68,26.27
1959,242,279,9,4303.67,75.73
1960,725,324,5,1924.53,66.77
1961,725,34,6,301.67,61.06
1962,514,20,10,4989.28,82.17
1963,405,402,10,2982.31,22.37
1964,67,102,8,4126.68,81.37
1965,392,309,9,657.23,90.81
1966,102,77,4,5717.65,48.5
1967,585,137,4,1086.46,32.23
1968,188,108,9,3590.97,58.29
1969,117,313,8,448.62,82.25
1970,271,85,7,5736.74,13.96
1971,220,240,1,4927.89,54.06
1972,176,55,2,5054.11,66.08
1973,676,15,5,5588.79,93.65
1974,86,121,6,4518.01,57.16
1975,610,259,10,922.31,11.2
1976,456,493,1,3248.14,62.6
1977,297,476,9,4931.07,7.06
1978,560,476,7,1859.48,13.82
1979,777,62,8,5306.48,52.19
1980,756,475,4,2670.1,50.68
1981,449,478,1,417.2,2.57
1982,554,24,7,2865.99,9.37
1983,185,432,4,556.51,59.57
1984,94,392,2,3089.84,49.97
1985,605,139,3,2569.67,90.38
1986,155,238,7,5994.34,93.02
1987,489,341,1,3553.61,22.93
1988,121,133,2,2569.96,35.46
1989,46,254,9,1103.32,28.41
1990,708,284,9,4351.05,35.4
1991,798,477,8,5161.01,65.86
1992,657,204,3,318.75,60.47
1993,432,360,5,2289.07,54.68
1994,738,136,10,1630.59,51.17
1995,156,34,-8,3386.96,10.22
1996,146,82,6,1496.79,63.03
1997,282,278,9,3040.07,57.39
1998,798,114,5,3219.59,50.18
1999,629,22,7,1588.26,47.95
2000,771,270,8,455.49,2.21
