customer_id,customer_name,city,age,product,quantity,price,total_amount
1001,Krishna,Chennai,38,Phone,5,49549.0,247745.0
1002,Kunal,Chennai,21,Keyboard,4,15805.0,63220.0
1003,Sneha,Nashik,45,Mouse,5,10317.0,51585.0
1004,Aadhya,Pune,51,Laptop,4,11761.0,47044.0
1005,Ishaan,Chennai,25,Headphones,3,917.0,2751.0
1006,Neha,Unknown,51,Laptop,4,42076.0,168304.0
1007,Krishna,Nashik,23,Keyboard,5,20858.0,104290.0
1008,Amit,Pune,30,Headphones,2,3767.0,7534.0
1009,Nikhil,Delhi,36,Keyboard,4,17709.0,70836.0
1010,Aadhya,Indore,57,Tablet,2,24552.0,49104.0
1011,Aadhya,Hyderabad,43,Headphones,3,39013.0,117039.0
1012,Kiran,Indore,24,Tablet,1,26592.0,26592.0
1013,Neha,Jaipur,53,Laptop,3,11838.0,35514.0
1014,Vihaan,Hyderabad,25,Laptop,4,912.0,3648.0
1015,Ishaan,Jaipur,41,Headphones,2,8043.0,16086.0
1016,Not Available,Chennai,30,Headphones,2,40855.0,81710.0
1017,Aditya,Mumbai,35,Mouse,5,33996.0,169980.0
1018,Meera,Pune,52,Keyboard,2,24048.0,48096.0
1019,Neha,Hyderabad,28,Mouse,5,27884.0,139420.0
1020,Vivaan,Hyderabad,25,Keyboard,1,44925.0,44925.0
1021,Kiran,Chennai,35,Mouse,4,39256.0,157024.0
1022,Sara,Delhi,48,Tablet,5,19388.0,96940.0
1023,Sai,Nashik,22,Headphones,1,36235.0,36235.0
1024,Vivaan,Chennai,39,Laptop,2,47795.0,95590.0
1025,Neha,Bengaluru,55,Keyboard,2,49316.0,98632.0
1026,Aarav,Nashik,38,Keyboard,1,24076.0,24076.0
1027,Sara,Pune,45,Laptop,2,20963.0,41926.0
1028,Meera,Nashik,22,Mouse,1,18455.0,18455.0
1029,Sara,Delhi,38,Keyboard,5,38341.0,191705.0
1030,Rahul,Nashik,39,Tablet,5,5604.0,28020.0
1031,Diya,Pune,51,Headphones,1,35411.0,35411.0
1032,Pooja,Delhi,26,Laptop,5,23690.0,118450.0
1033,Sneha,Indore,52,Headphones,5,7857.0,39285.0
1034,Sneha,Hyderabad,59,Keyboard,5,32979.0,164895.0
1035,Amit,Hyderabad,58,Keyboard,3,45311.0,135933.0
1036,Sara,Jaipur,37,Laptop,4,36708.0,146832.0
1037,Nikhil,Indore,59,Tablet,2,20650.0,41300.0
1038,Kunal,Indore,20,Phone,3,6144.0,18432.0
1039,Aditya,Nashik,30,Laptop,5,43786.0,218930.0
1040,Arjun,Hyderabad,47,Phone,1,47820.0,47820.0
1041,Amit,Pune,44,Mouse,5,3414.0,17070.0
1042,Krishna,Nagpur,42,Phone,4,21852.0,87408.0
1043,Neha,Nagpur,50,Tablet,5,46852.0,234260.0
1044,Ananya,Delhi,49,Mouse,1,45412.0,45412.0
1045,Krishna,Hyderabad,54,Phone,4,14897.0,59588.0
1046,Rohan,Hyderabad,26,Mouse,5,42055.0,210275.0
1047,Vihaan,Nagpur,35,Phone,4,47459.0,189836.0
1048,Priya,Hyderabad,45,Tablet,2,1228.0,2456.0
1049,Rohan,Nashik,21,Phone,2,1198.0,2396.0
1050,Ananya,Bengaluru,20,Phone,5,40454.0,202270.0
1051,Neha,Mumbai,31,Phone,4,47780.0,191120.0
1052,Vivaan,Indore,24,Laptop,1,14423.0,14423.0
1053,Kunal,Jaipur,56,Laptop,5,17279.0,86395.0
1054,Sneha,Delhi,51,Laptop,2,7900.0,15800.0
1055,Krishna,Bengaluru,28,Tablet,2,24966.0,49932.0
1056,Sara,Nagpur,54,Mouse,5,37439.0,187195.0
1057,Ishaan,Indore,38,Keyboard,4,4860.0,19440.0
1058,Sneha,Hyderabad,35,Phone,2,35770.0,71540.0
1059,Aditya,Jaipur,22,Phone,4,17601.0,70404.0
1060,Priya,Hyderabad,39,Tablet,2,32807.0,65614.0
1061,Rahul,Pune,43,Phone,2,5986.0,11972.0
1062,Vihaan,Pune,52,Laptop,3,8835.0,26505.0
1063,Rohan,Jaipur,43,Keyboard,2,21864.0,43728.0
1064,Ishaan,Jaipur,30,Headphones,1,37759.0,37759.0
1065,Vihaan,Nagpur,27,Phone,5,24076.0,120380.0
1066,Vivaan,Jaipur,55,Laptop,5,32167.0,160835.0
1067,Sai,Nashik,57,Headphones,4,11630.0,46520.0
1068,Meera,Hyderabad,59,Keyboard,2,22472.0,44944.0
1069,Diya,Bengaluru,39,Headphones,1,40919.0,40919.0
1070,Vihaan,Chennai,54,Laptop,4,1667.0,6668.0
1071,Meera,Jaipur,44,Mouse,3,27692.0,83076.0
1072,Rohan,Delhi,54,Mouse,4,1562.0,6248.0
1073,Sara,Pune,44,Headphones,4,19040.0,76160.0
1074,Vivaan,Nashik,48,Tablet,2,24744.0,49488.0
1075,Diya,Indore,37,Headphones,3,22045.0,66135.0
1076,Vihaan,Chennai,37,Phone,4,22189.0,88756.0
1077,Priya,Bengaluru,21,Phone,1,11674.0,11674.0
1078,Pooja,Chennai,54,Mouse,1,23425.0,23425.0
1079,Sneha,Jaipur,35,Tablet,5,37997.0,189985.0
1080,Ishaan,Nagpur,55,Laptop,3,9848.0,29544.0
1081,Priya,Pune,52,Phone,3,24214.0,72642.0
1082,Nikhil,Pune,23,Mouse,5,38602.0,193010.0
1083,Ishaan,Indore,52,Keyboard,4,9424.0,37696.0
1084,Neha,Nagpur,33,Mouse,3,37598.0,112794.0
1085,Pooja,Hyderabad,40,Phone,1,24894.0,24894.0
1086,Riya,Mumbai,39,Phone,1,7301.0,7301.0
1087,Rohan,Nashik,27,Mouse,2,38114.0,76228.0
1088,Sneha,Pune,26,Laptop,3,7231.0,21693.0
1089,Neha,Delhi,22,Headphones,4,48636.0,194544.0
1090,Kiran,Pune,36,Phone,5,24125.0,120625.0
1091,Riya,Chennai,52,Mouse,5,17837.0,89185.0
1092,Ananya,Pune,31,Mouse,4,35807.0,143228.0
1093,Sneha,Pune,41,Tablet,2,7556.0,15112.0
1094,Riya,Mumbai,41,Headphones,5,12016.0,60080.0
1095,Aarav,Mumbai,49,Keyboard,3,44761.0,134283.0
1096,Krishna,Bengaluru,57,Laptop,2,2042.0,4084.0
1097,Ananya,Hyderabad,57,Keyboard,3,22177.0,66531.0
1098,Kiran,Delhi,27,Headphones,1,47232.0,47232.0
1099,Aarav,Pune,46,Headphones,2,39581.0,79162.0
1100,Sara,Pune,46,Headphones,5,28069.0,140345.0
