customer_id,name,city,signup_date
1,Cust_1,Pune,2023-02-10
2,Cust_2,Jaipur,2023-10-18
3,Cust_3,Pune,2023-09-09
4,Cust_4,Pune,2023-06-08
5,Cust_5,Pune,2023-06-29
6,Cust_6,Mumbai,2022-09-14
7,Cust_7,Jaipur,2023-02-06
8,Cust_8,Pune,2022-05-11
9,Cust_9,Mumbai,2022-12-06
10,Cust_10,Mumbai,2022-03-30
11,Cust_11,Jaipur,2023-06-10
12,Cust_12,Bangalore,2023-04-20
13,Cust_13,Jaipur,2023-04-14
14,Cust_14,Delhi,2022-12-27
15,Cust_15,Mumbai,2022-09-29
16,Cust_16,Mumbai,2022-09-25
17,Cust_17,Bangalore,2023-05-23
18,Cust_18,Delhi,2023-02-10
19,Cust_19,Mumbai,2023-03-23
20,Cust_20,Delhi,2022-03-29
21,Cust_21,Delhi,2023-01-29
22,Cust_22,Mumbai,2023-09-13
23,Cust_23,Mumbai,2022-10-09
24,Cust_24,Bangalore,2022-04-14
25,Cust_25,Mumbai,2023-03-09
26,Cust_26,Delhi,2023-04-14
27,Cust_27,Bangalore,2023-01-15
28,Cust_28,Bangalore,2022-11-23
29,Cust_29,Mumbai,2022-11-27
30,Cust_30,Bangalore,2022-06-19
31,Cust_31,Pune,2022-07-25
32,Cust_32,Mumbai,2022-11-02
33,Cust_33,Bangalore,2022-06-19
34,Cust_34,Pune,2022-11-28
35,Cust_35,Mumbai,2022-06-05
36,Cust_36,Pune,2023-06-21
37,Cust_37,Jaipur,2023-03-12
38,Cust_38,Delhi,2023-05-05
39,Cust_39,Pune,2022-12-02
40,Cust_40,Bangalore,2023-06-11
41,Cust_41,Jaipur,2022-12-05
42,Cust_42,Pune,2022-07-17
43,Cust_43,Delhi,2023-06-02
44,Cust_44,Pune,2023-07-03
45,Cust_45,Delhi,2023-06-21
46,Cust_46,Delhi,2023-07-14
47,Cust_47,Jaipur,2022-12-02
48,Cust_48,Pune,2022-04-28
49,Cust_49,Mumbai,2023-04-03
50,Cust_50,Pune,2023-12-02
51,Cust_51,Jaipur,2023-06-08
52,Cust_52,Bangalore,2023-03-19
53,Cust_53,Pune,2022-07-10
54,Cust_54,Bangalore,2023-02-03
55,Cust_55,Bangalore,2023-05-01
56,Cust_56,Mumbai,2023-08-20
57,Cust_57,Delhi,2022-12-15
58,Cust_58,Mumbai,2022-10-04
59,Cust_59,Mumbai,2022-12-06
60,Cust_60,Delhi,2023-01-11
61,Cust_61,Mumbai,2022-04-21
62,Cust_62,Pune,2022-04-15
63,Cust_63,Mumbai,2022-06-28
64,Cust_64,Bangalore,2023-10-29
65,Cust_65,Bangalore,2023-07-27
66,Cust_66,Pune,2023-05-20
67,Cust_67,Mumbai,2022-07-06
68,Cust_68,Pune,2022-09-24
69,Cust_69,Delhi,2023-06-23
70,Cust_70,Delhi,2023-08-30
71,Cust_71,Bangalore,2022-11-25
72,Cust_72,Jaipur,2022-05-18
73,Cust_73,Pune,2022-10-23
74,Cust_74,Delhi,2022-01-05
75,Cust_75,Bangalore,2023-02-25
76,Cust_76,Jaipur,2023-03-04
77,Cust_77,Pune,2022-10-19
78,Cust_78,Delhi,2022-08-23
79,Cust_79,Mumbai,2023-03-12
80,Cust_80,Bangalore,2023-11-11
81,Cust_81,Mumbai,2023-08-09
82,Cust_82,Delhi,2022-07-06
83,Cust_83,Pune,2023-10-17
84,Cust_84,Jaipur,2022-07-10
85,Cust_85,Pune,2023-04-02
86,Cust_86,Pune,2023-02-10
87,Cust_87,Pune,2023-02-27
88,Cust_88,Delhi,2023-09-22
89,Cust_89,Bangalore,2022-10-15
90,Cust_90,Mumbai,2022-08-24
91,Cust_91,Pune,2022-08-22
92,Cust_92,Mumbai,2022-02-14
93,Cust_93,Jaipur,2022-04-16
94,Cust_94,Delhi,2022-06-13
95,Cust_95,Bangalore,2023-05-02
96,Cust_96,Mumbai,2023-06-10
97,Cust_97,Jaipur,2022-04-11
98,Cust_98,Mumbai,2023-10-11
99,Cust_99,Jaipur,2022-05-17
100,Cust_100,Delhi,2023-06-10
101,Cust_101,Delhi,2022-12-12
102,Cust_102,Bangalore,2022-09-13
103,Cust_103,Jaipur,2023-02-13
104,Cust_104,Bangalore,2023-03-12
105,Cust_105,Delhi,2022-09-20
106,Cust_106,Jaipur,2022-08-26
107,Cust_107,Mumbai,2022-05-23
108,Cust_108,Mumbai,2023-11-06
109,Cust_109,Mumbai,2023-03-16
110,Cust_110,Jaipur,2022-01-16
111,Cust_111,Bangalore,2023-06-19
112,Cust_112,Mumbai,2022-01-26
113,Cust_113,Mumbai,2022-03-15
114,Cust_114,Mumbai,2023-10-12
115,Cust_115,Jaipur,2022-05-26
116,Cust_116,Delhi,2023-07-22
117,Cust_117,Pune,2022-03-16
118,Cust_118,Jaipur,2022-10-20
119,Cust_119,Pune,2023-04-08
120,Cust_120,Mumbai,2023-05-10
121,Cust_121,Delhi,2022-04-02
122,Cust_122,Bangalore,2022-06-18
123,Cust_123,Bangalore,2022-10-18
124,Cust_124,Delhi,2023-02-07
125,Cust_125,Delhi,2023-04-07
126,Cust_126,Delhi,2022-12-08
127,Cust_127,Bangalore,2022-04-19
128,Cust_128,Delhi,2022-10-19
129,Cust_129,Mumbai,2022-10-23
130,Cust_130,Mumbai,2023-03-04
131,Cust_131,Mumbai,2022-10-26
132,Cust_132,Bangalore,2022-08-17
133,Cust_133,Pune,2022-09-12
134,Cust_134,Bangalore,2022-11-03
135,Cust_135,Bangalore,2022-08-03
136,Cust_136,Mumbai,2023-03-26
137,Cust_137,Bangalore,2023-07-13
138,Cust_138,Pune,2023-02-09
139,Cust_139,Pune,2022-08-20
140,Cust_140,Bangalore,2022-10-27
141,Cust_141,Jaipur,2023-08-15
142,Cust_142,Mumbai,2023-04-07
143,Cust_143,Jaipur,2023-07-26
144,Cust_144,Pune,2023-11-19
145,Cust_145,Jaipur,2022-08-10
146,Cust_146,Delhi,2022-08-16
147,Cust_147,Delhi,2022-06-18
148,Cust_148,Delhi,2023-03-17
149,Cust_149,Bangalore,2022-11-25
150,Cust_150,Mumbai,2022-12-16
151,Cust_151,Delhi,2022-10-20
152,Cust_152,Delhi,2022-04-17
153,Cust_153,Jaipur,2022-05-01
154,Cust_154,Delhi,2023-06-24
155,Cust_155,Jaipur,2023-01-27
156,Cust_156,Delhi,2022-05-01
157,Cust_157,Bangalore,2023-02-04
158,Cust_158,Pune,2022-01-01
159,Cust_159,Mumbai,2022-08-07
160,Cust_160,Pune,2022-11-04
161,Cust_161,Jaipur,2022-03-11
162,Cust_162,Delhi,2023-05-12
163,Cust_163,Delhi,2023-05-02
164,Cust_164,Mumbai,2023-03-29
165,Cust_165,Mumbai,2023-05-15
166,Cust_166,Mumbai,2022-12-01
167,Cust_167,Pune,2022-12-29
168,Cust_168,Bangalore,2023-10-30
169,Cust_169,Bangalore,2023-02-06
170,Cust_170,Pune,2022-02-26
171,Cust_171,Bangalore,2023-06-06
172,Cust_172,Delhi,2022-06-05
173,Cust_173,Pune,2022-08-15
174,Cust_174,Pune,2022-12-03
175,Cust_175,Jaipur,2022-03-15
176,Cust_176,Delhi,2022-02-12
177,Cust_177,Bangalore,2022-09-25
178,Cust_178,Bangalore,2022-01-07
179,Cust_179,Pune,2023-09-20
180,Cust_180,Delhi,2023-11-09
181,Cust_181,Jaipur,2022-10-08
182,Cust_182,Bangalore,2022-02-09
183,Cust_183,Bangalore,2023-10-13
184,Cust_184,Pune,2023-10-16
185,Cust_185,Bangalore,2022-11-22
186,Cust_186,Delhi,2022-12-21
187,Cust_187,Mumbai,2023-11-30
188,Cust_188,Mumbai,2023-03-18
189,Cust_189,Mumbai,2023-10-25
190,Cust_190,Bangalore,2022-06-27
191,Cust_191,Delhi,2022-06-11
192,Cust_192,Pune,2023-01-08
193,Cust_193,Pune,2023-02-13
194,Cust_194,Pune,2022-05-09
195,Cust_195,Mumbai,2022-09-28
196,Cust_196,Jaipur,2022-12-29
197,Cust_197,Bangalore,2023-02-03
198,Cust_198,Mumbai,2022-08-08
199,Cust_199,Pune,2022-05-25
200,Cust_200,Jaipur,2022-02-07
201,Cust_201,Pune,2022-03-17
202,Cust_202,Pune,2023-10-06
203,Cust_203,Pune,2022-05-06
204,Cust_204,Jaipur,2022-12-15
205,Cust_205,Jaipur,2022-12-06
206,Cust_206,Mumbai,2022-05-02
207,Cust_207,Bangalore,2022-03-03
208,Cust_208,Delhi,2023-08-20
209,Cust_209,Jaipur,2022-02-24
210,Cust_210,Pune,2023-02-10
211,Cust_211,Delhi,2022-01-11
212,Cust_212,Mumbai,2023-09-30
213,Cust_213,Pune,2022-10-20
214,Cust_214,Bangalore,2023-03-27
215,Cust_215,Pune,2022-01-29
216,Cust_216,Bangalore,2023-11-07
217,Cust_217,Mumbai,2023-08-02
218,Cust_218,Pune,2023-02-09
219,Cust_219,Jaipur,2022-03-07
220,Cust_220,Pune,2023-08-26
221,Cust_221,Bangalore,2022-12-07
222,Cust_222,Pune,2022-10-14
223,Cust_223,Jaipur,2023-10-07
224,Cust_224,Pune,2022-07-28
225,Cust_225,Jaipur,2023-08-25
226,Cust_226,Delhi,2022-08-15
227,Cust_227,Mumbai,2022-11-14
228,Cust_228,Mumbai,2022-12-20
229,Cust_229,Jaipur,2022-12-31
230,Cust_230,Pune,2022-02-27
231,Cust_231,Mumbai,2023-05-15
232,Cust_232,Bangalore,2022-03-15
233,Cust_233,Mumbai,2022-08-18
234,Cust_234,Pune,2023-01-21
235,Cust_235,Bangalore,2023-11-18
236,Cust_236,Pune,2022-03-29
237,Cust_237,Jaipur,2022-10-18
238,Cust_238,Bangalore,2022-05-01
239,Cust_239,Mumbai,2023-08-13
240,Cust_240,Pune,2023-04-03
241,Cust_241,Jaipur,2023-07-11
242,Cust_242,Jaipur,2023-07-10
243,Cust_243,Bangalore,2022-07-14
244,Cust_244,Bangalore,2023-02-12
245,Cust_245,Delhi,2022-06-15
246,Cust_246,Delhi,2023-03-07
247,Cust_247,Delhi,2022-09-26
248,Cust_248,Pune,2023-06-27
249,Cust_249,Bangalore,2022-04-12
250,Cust_250,Mumbai,2022-07-13
251,Cust_251,Delhi,2023-03-02
252,Cust_252,Bangalore,2022-11-10
253,Cust_253,Pune,2023-09-08
254,Cust_254,Jaipur,2022-12-25
255,Cust_255,Bangalore,2022-07-06
256,Cust_256,Mumbai,2023-11-27
257,Cust_257,Bangalore,2022-06-07
258,Cust_258,Delhi,2022-01-22
259,Cust_259,Bangalore,2023-09-27
260,Cust_260,Mumbai,2022-03-27
261,Cust_261,Delhi,2022-05-23
262,Cust_262,Mumbai,2022-03-10
263,Cust_263,Bangalore,2023-01-27
264,Cust_264,Delhi,2022-05-31
265,Cust_265,Mumbai,2022-02-28
266,Cust_266,Delhi,2022-01-31
267,Cust_267,Jaipur,2022-09-24
268,Cust_268,Delhi,2022-08-20
269,Cust_269,Bangalore,2022-12-28
270,Cust_270,Bangalore,2023-01-14
271,Cust_271,Mumbai,2023-03-20
272,Cust_272,Mumbai,2022-02-07
273,Cust_273,Pune,2023-01-25
274,Cust_274,Jaipur,2023-01-11
275,Cust_275,Delhi,2022-02-16
276,Cust_276,Bangalore,2022-07-03
277,Cust_277,Delhi,2022-03-11
278,Cust_278,Mumbai,2022-02-04
279,Cust_279,Mumbai,2022-08-13
280,Cust_280,Bangalore,2023-06-29
281,Cust_281,Mumbai,2023-09-15
282,Cust_282,Mumbai,2022-03-30
283,Cust_283,Delhi,2022-05-05
284,Cust_284,Bangalore,2022-05-12
285,Cust_285,Mumbai,2023-04-02
286,Cust_286,Delhi,2022-12-04
287,Cust_287,Pune,2023-07-18
288,Cust_288,Mumbai,2023-04-27
289,Cust_289,Jaipur,2022-07-23
290,Cust_290,Jaipur,2023-06-29
291,Cust_291,Mumbai,2023-04-22
292,Cust_292,Mumbai,2023-08-05
293,Cust_293,Jaipur,2022-08-12
294,Cust_294,Jaipur,2023-01-18
295,Cust_295,Mumbai,2023-03-05
296,Cust_296,Jaipur,2022-01-19
297,Cust_297,Jaipur,2023-01-03
298,Cust_298,Bangalore,2022-09-16
299,Cust_299,Delhi,2022-02-16
300,Cust_300,Bangalore,2023-06-05
301,Cust_301,Bangalore,2022-09-18
302,Cust_302,Pune,2022-04-10
303,Cust_303,Jaipur,2022-08-29
304,Cust_304,Pune,2022-08-20
305,Cust_305,Bangalore,2022-09-04
306,Cust_306,Jaipur,2022-07-10
307,Cust_307,Pune,2023-06-26
308,Cust_308,Mumbai,2022-12-17
309,Cust_309,Delhi,2023-08-15
310,Cust_310,Pune,2023-01-07
311,Cust_311,Mumbai,2023-10-29
312,Cust_312,Mumbai,2023-11-18
313,Cust_313,Jaipur,2022-05-16
314,Cust_314,Mumbai,2022-04-30
315,Cust_315,Bangalore,2022-12-23
316,Cust_316,Jaipur,2022-06-05
317,Cust_317,Mumbai,2023-07-28
318,Cust_318,Mumbai,2022-02-02
319,Cust_319,Bangalore,2023-08-09
320,Cust_320,Bangalore,2023-04-10
321,Cust_321,Pune,2022-07-31
322,Cust_322,Mumbai,2022-08-08
323,Cust_323,Pune,2023-07-30
324,Cust_324,Delhi,2022-12-24
325,Cust_325,Delhi,2023-05-17
326,Cust_326,Jaipur,2023-08-30
327,Cust_327,Jaipur,2022-12-19
328,Cust_328,Delhi,2023-02-17
329,Cust_329,Mumbai,2022-03-28
330,Cust_330,Pune,2022-06-19
331,Cust_331,Jaipur,2022-09-13
332,Cust_332,Jaipur,2022-09-13
333,Cust_333,Pune,2022-01-23
334,Cust_334,Delhi,2023-07-01
335,Cust_335,Delhi,2023-08-06
336,Cust_336,Pune,2023-01-05
337,Cust_337,Mumbai,2023-01-25
338,Cust_338,Bangalore,2023-03-06
339,Cust_339,Bangalore,2023-04-05
340,Cust_340,Pune,2023-11-13
341,Cust_341,Mumbai,2022-09-09
342,Cust_342,Pune,2023-03-09
343,Cust_343,Mumbai,2022-04-28
344,Cust_344,Delhi,2022-04-07
345,Cust_345,Bangalore,2023-08-17
346,Cust_346,Mumbai,2022-09-07
347,Cust_347,Bangalore,2022-01-03
348,Cust_348,Mumbai,2023-04-30
349,Cust_349,Bangalore,2023-03-27
350,Cust_350,Jaipur,2023-04-20
351,Cust_351,Jaipur,2022-02-17
352,Cust_352,Pune,2022-09-01
353,Cust_353,Bangalore,2023-10-14
354,Cust_354,Delhi,2023-01-28
355,Cust_355,Jaipur,2022-08-15
356,Cust_356,Mumbai,2022-09-16
357,Cust_357,Pune,2023-07-09
358,Cust_358,Jaipur,2022-06-24
359,Cust_359,Mumbai,2023-10-27
360,Cust_360,Bangalore,2022-07-14
361,Cust_361,Delhi,2022-04-15
362,Cust_362,Jaipur,2022-03-31
363,Cust_363,Pune,2023-10-01
364,Cust_364,Mumbai,2022-11-09
365,Cust_365,Jaipur,2022-12-30
366,Cust_366,Mumbai,2022-04-28
367,Cust_367,Mumbai,2022-02-23
368,Cust_368,Mumbai,2022-08-11
369,Cust_369,Pune,2022-06-20
370,Cust_370,Jaipur,2023-07-07
371,Cust_371,Mumbai,2022-10-23
372,Cust_372,Bangalore,2022-11-10
373,Cust_373,Jaipur,2022-03-16
374,Cust_374,Pune,2023-06-30
375,Cust_375,Mumbai,2022-03-24
376,Cust_376,Mumbai,2023-08-10
377,Cust_377,Delhi,2022-04-26
378,Cust_378,Pune,2023-10-22
379,Cust_379,Bangalore,2023-09-26
380,Cust_380,Delhi,2022-10-11
381,Cust_381,Bangalore,2022-04-27
382,Cust_382,Delhi,2023-03-24
383,Cust_383,Pune,2023-08-24
384,Cust_384,Delhi,2023-01-06
385,Cust_385,Bangalore,2022-11-12
386,Cust_386,Delhi,2022-08-28
387,Cust_387,Pune,2023-03-09
388,Cust_388,Jaipur,2022-01-17
389,Cust_389,Bangalore,2022-06-07
390,Cust_390,Mumbai,2023-05-25
391,Cust_391,Jaipur,2022-04-11
392,Cust_392,Pune,2022-11-07
393,Cust_393,Bangalore,2023-06-13
394,Cust_394,Pune,2022-10-13
395,Cust_395,Pune,2023-06-14
396,Cust_396,Bangalore,2022-09-03
397,Cust_397,Pune,2023-02-15
398,Cust_398,Jaipur,2022-10-09
399,Cust_399,Bangalore,2022-03-18
400,Cust_400,Delhi,2022-03-26
401,Cust_401,Delhi,2023-05-24
402,Cust_402,Delhi,2023-02-05
403,Cust_403,Delhi,2022-07-07
404,Cust_404,Mumbai,2022-04-11
405,Cust_405,Mumbai,2022-04-12
406,Cust_406,Pune,2022-11-15
407,Cust_407,Mumbai,2022-10-30
408,Cust_408,Mumbai,2022-01-22
409,Cust_409,Delhi,2022-06-03
410,Cust_410,Delhi,2023-07-27
411,Cust_411,Jaipur,2023-09-17
412,Cust_412,Pune,2022-03-21
413,Cust_413,Pune,2022-03-11
414,Cust_414,Mumbai,2022-02-06
415,Cust_415,Delhi,2023-05-18
416,Cust_416,Mumbai,2023-08-09
417,Cust_417,Delhi,2023-08-09
418,Cust_418,Mumbai,2022-11-29
419,Cust_419,Delhi,2023-01-23
420,Cust_420,Bangalore,2022-01-13
421,Cust_421,Mumbai,2022-10-29
422,Cust_422,Mumbai,2023-04-20
423,Cust_423,Delhi,2022-09-20
424,Cust_424,Delhi,2022-12-12
425,Cust_425,Bangalore,2022-09-20
426,Cust_426,Pune,2023-06-19
427,Cust_427,Delhi,2022-10-29
428,Cust_428,Pune,2022-09-05
429,Cust_429,Pune,2022-05-05
430,Cust_430,Bangalore,2023-03-13
431,Cust_431,Pune,2023-05-06
432,Cust_432,Bangalore,2022-05-05
433,Cust_433,Delhi,2022-10-19
434,Cust_434,Jaipur,2023-06-19
435,Cust_435,Delhi,2022-07-07
436,Cust_436,Pune,2023-05-06
437,Cust_437,Delhi,2023-11-25
438,Cust_438,Bangalore,2022-04-18
439,Cust_439,Delhi,2023-11-16
440,Cust_440,Bangalore,2023-11-22
441,Cust_441,Mumbai,2022-07-03
442,Cust_442,Mumbai,2023-10-03
443,Cust_443,Mumbai,2023-11-23
444,Cust_444,Jaipur,2023-03-09
445,Cust_445,Mumbai,2023-01-11
446,Cust_446,Mumbai,2023-10-08
447,Cust_447,Jaipur,2022-07-02
448,Cust_448,Jaipur,2022-12-28
449,Cust_449,Jaipur,2023-06-26
450,Cust_450,Mumbai,2022-11-27
451,Cust_451,Pune,2022-10-29
452,Cust_452,Jaipur,2023-03-03
453,Cust_453,Pune,2023-08-20
454,Cust_454,Pune,2023-12-02
455,Cust_455,Pune,2023-05-26
456,Cust_456,Pune,2023-01-13
457,Cust_457,Mumbai,2023-06-02
458,Cust_458,Mumbai,2023-01-09
459,Cust_459,Mumbai,2022-06-14
460,Cust_460,Delhi,2022-08-01
461,Cust_461,Mumbai,2023-11-18
462,Cust_462,Mumbai,2022-08-10
463,Cust_463,Jaipur,2022-04-13
464,Cust_464,Bangalore,2022-11-11
465,Cust_465,Mumbai,2023-07-14
466,Cust_466,Bangalore,2022-02-18
467,Cust_467,Bangalore,2023-07-01
468,Cust_468,Bangalore,2022-04-15
469,Cust_469,Bangalore,2023-04-02
470,Cust_470,Delhi,2023-06-26
471,Cust_471,Jaipur,2022-01-29
472,Cust_472,Jaipur,2022-08-22
473,Cust_473,Delhi,2022-02-21
474,Cust_474,Pune,2022-06-29
475,Cust_475,Delhi,2022-07-06
476,Cust_476,Bangalore,2022-08-18
477,Cust_477,Mumbai,2023-03-25
478,Cust_478,Bangalore,2022-05-12
479,Cust_479,Bangalore,2023-04-11
480,Cust_480,Mumbai,2022-03-10
481,Cust_481,Jaipur,2022-02-28
482,Cust_482,Jaipur,2022-08-26
483,Cust_483,Bangalore,2022-11-26
484,Cust_484,Bangalore,2022-10-23
485,Cust_485,Bangalore,2023-03-27
486,Cust_486,Mumbai,2023-08-02
487,Cust_487,Jaipur,2023-09-14
488,Cust_488,Delhi,2022-04-29
489,Cust_489,Mumbai,2022-10-30
490,Cust_490,Pune,2023-09-07
491,Cust_491,Bangalore,2022-09-26
492,Cust_492,Delhi,2022-05-18
493,Cust_493,Bangalore,2022-06-21
494,Cust_494,Pune,2023-08-03
495,Cust_495,Jaipur,2022-08-04
496,Cust_496,Bangalore,2022-03-25
497,Cust_497,Pune,2023-07-29
498,Cust_498,Mumbai,2023-08-14
499,Cust_499,Delhi,2023-07-03
500,Cust_500,Pune,2022-09-06
501,Cust_501,Delhi,2023-09-05
502,Cust_502,Bangalore,2022-08-27
503,Cust_503,Delhi,2022-06-08
504,Cust_504,Bangalore,2022-11-16
505,Cust_505,Jaipur,2022-10-17
506,Cust_506,Mumbai,2022-08-22
507,Cust_507,Delhi,2023-10-09
508,Cust_508,Pune,2023-03-28
509,Cust_509,Jaipur,2022-04-03
510,Cust_510,Pune,2023-03-20
511,Cust_511,Bangalore,2022-12-28
512,Cust_512,Mumbai,2023-01-05
513,Cust_513,Bangalore,2023-02-09
514,Cust_514,Pune,2022-03-20
515,Cust_515,Delhi,2022-03-17
516,Cust_516,Pune,2022-10-29
517,Cust_517,Jaipur,2022-07-24
518,Cust_518,Mumbai,2022-09-17
519,Cust_519,Mumbai,2022-04-29
520,Cust_520,Jaipur,2023-06-01
521,Cust_521,Delhi,2023-06-24
522,Cust_522,Mumbai,2022-03-25
523,Cust_523,Bangalore,2022-11-26
524,Cust_524,Bangalore,2022-02-08
525,Cust_525,Jaipur,2023-05-21
526,Cust_526,Jaipur,2023-01-08
527,Cust_527,Bangalore,2023-04-06
528,Cust_528,Jaipur,2022-07-16
529,Cust_529,Mumbai,2023-07-17
530,Cust_530,Delhi,2022-08-15
531,Cust_531,Bangalore,2023-03-06
532,Cust_532,Pune,2022-02-03
533,Cust_533,Mumbai,2023-06-13
534,Cust_534,Jaipur,2023-01-21
535,Cust_535,Jaipur,2023-05-04
536,Cust_536,Mumbai,2022-02-28
537,Cust_537,Delhi,2023-08-27
538,Cust_538,Bangalore,2022-12-26
539,Cust_539,Mumbai,2022-09-19
540,Cust_540,Pune,2023-11-09
541,Cust_541,Jaipur,2022-12-03
542,Cust_542,Mumbai,2023-10-27
543,Cust_543,Bangalore,2022-12-11
544,Cust_544,Delhi,2023-06-28
545,Cust_545,Jaipur,2023-07-30
546,Cust_546,Mumbai,2022-03-02
547,Cust_547,Mumbai,2023-10-27
548,Cust_548,Bangalore,2022-08-04
549,Cust_549,Bangalore,2022-05-25
550,Cust_550,Jaipur,2023-04-13
551,Cust_551,Delhi,2023-04-06
552,Cust_552,Pune,2022-10-18
553,Cust_553,Delhi,2023-01-20
554,Cust_554,Bangalore,2023-11-05
555,Cust_555,Bangalore,2023-02-13
556,Cust_556,Jaipur,2022-11-13
557,Cust_557,Pune,2022-08-16
558,Cust_558,Pune,2023-07-11
559,Cust_559,Mumbai,2022-05-02
560,Cust_560,Jaipur,2022-03-17
561,Cust_561,Delhi,2022-03-21
562,Cust_562,Jaipur,2022-01-06
563,Cust_563,Pune,2023-08-28
564,Cust_564,Delhi,2023-08-07
565,Cust_565,Pune,2022-06-04
566,Cust_566,Delhi,2023-01-20
567,Cust_567,Bangalore,2023-04-22
568,Cust_568,Jaipur,2022-03-13
569,Cust_569,Jaipur,2023-01-22
570,Cust_570,Pune,2023-09-08
571,Cust_571,Bangalore,2022-05-15
572,Cust_572,Mumbai,2023-04-04
573,Cust_573,Pune,2023-11-10
574,Cust_574,Mumbai,2023-09-16
575,Cust_575,Mumbai,2023-01-12
576,Cust_576,Bangalore,2023-01-02
577,Cust_577,Delhi,2023-06-19
578,Cust_578,Mumbai,2022-12-17
579,Cust_579,Delhi,2022-07-27
580,Cust_580,Delhi,2022-10-28
581,Cust_581,Jaipur,2022-07-03
582,Cust_582,Mumbai,2022-01-17
583,Cust_583,Pune,2023-03-22
584,Cust_584,Pune,2023-02-09
585,Cust_585,Pune,2022-02-11
586,Cust_586,Mumbai,2022-10-13
587,Cust_587,Pune,2022-06-26
588,Cust_588,Mumbai,2023-01-02
589,Cust_589,Delhi,2022-11-02
590,Cust_590,Jaipur,2022-11-14
591,Cust_591,Mumbai,2023-02-22
592,Cust_592,Mumbai,2022-08-17
593,Cust_593,Bangalore,2023-03-12
594,Cust_594,Mumbai,2023-07-18
595,Cust_595,Bangalore,2023-08-26
596,Cust_596,Jaipur,2023-01-27
597,Cust_597,Delhi,2023-07-06
598,Cust_598,Delhi,2023-01-18
599,Cust_599,Bangalore,2023-08-27
600,Cust_600,Pune,2023-03-06
601,Cust_601,Delhi,2023-04-21
602,Cust_602,Pune,2023-10-08
603,Cust_603,Jaipur,2023-11-18
604,Cust_604,Delhi,2022-09-28
605,Cust_605,Mumbai,2022-04-09
606,Cust_606,Jaipur,2022-06-18
607,Cust_607,Jaipur,2022-03-10
608,Cust_608,Delhi,2022-09-02
609,Cust_609,Bangalore,2022-04-02
610,Cust_610,Bangalore,2022-09-08
611,Cust_611,Pune,2023-05-11
612,Cust_612,Jaipur,2023-04-24
613,Cust_613,Jaipur,2022-01-12
614,Cust_614,Delhi,2022-06-18
615,Cust_615,Jaipur,2022-02-08
616,Cust_616,Bangalore,2022-02-26
617,Cust_617,Bangalore,2022-06-06
618,Cust_618,Bangalore,2023-01-04
619,Cust_619,Delhi,2023-09-03
620,Cust_620,Pune,2023-05-06
621,Cust_621,Pune,2023-09-03
622,Cust_622,Jaipur,2023-12-02
623,Cust_623,Delhi,2023-11-24
624,Cust_624,Jaipur,2022-11-07
625,Cust_625,Mumbai,2022-06-21
626,Cust_626,Pune,2022-03-15
627,Cust_627,Mumbai,2022-05-31
628,Cust_628,Delhi,2022-04-18
629,Cust_629,Delhi,2023-09-18
630,Cust_630,Bangalore,2023-05-28
631,Cust_631,Pune,2022-10-01
632,Cust_632,Jaipur,2023-01-06
633,Cust_633,Mumbai,2022-06-15
634,Cust_634,Delhi,2022-07-28
635,Cust_635,Pune,2022-09-15
636,Cust_636,Mumbai,2022-01-14
637,Cust_637,Jaipur,2022-01-21
638,Cust_638,Jaipur,2023-04-20
639,Cust_639,Mumbai,2022-08-17
640,Cust_640,Bangalore,2022-05-28
641,Cust_641,Mumbai,2022-02-18
642,Cust_642,Bangalore,2022-11-25
643,Cust_643,Pune,2023-10-09
644,Cust_644,Pune,2023-08-21
645,Cust_645,Bangalore,2022-03-17
646,Cust_646,Mumbai,2022-10-31
647,Cust_647,Delhi,2023-09-24
648,Cust_648,Mumbai,2022-04-16
649,Cust_649,Mumbai,2022-07-06
650,Cust_650,Jaipur,2023-08-16
651,Cust_651,Bangalore,2023-08-28
652,Cust_652,Delhi,2023-03-23
653,Cust_653,Delhi,2023-11-06
654,Cust_654,Mumbai,2022-07-06
655,Cust_655,Pune,2023-05-06
656,Cust_656,Bangalore,2022-05-01
657,Cust_657,Pune,2022-06-26
658,Cust_658,Bangalore,2022-01-12
659,Cust_659,Bangalore,2022-01-10
660,Cust_660,Pune,2022-05-08
661,Cust_661,Delhi,2023-02-15
662,Cust_662,Mumbai,2022-11-10
663,Cust_663,Pune,2023-10-14
664,Cust_664,Mumbai,2022-04-01
665,Cust_665,Jaipur,2022-05-28
666,Cust_666,Delhi,2023-10-04
667,Cust_667,Bangalore,2023-09-04
668,Cust_668,Jaipur,2022-10-01
669,Cust_669,Delhi,2022-10-06
670,Cust_670,Mumbai,2023-11-03
671,Cust_671,Bangalore,2022-10-11
672,Cust_672,Delhi,2023-09-25
673,Cust_673,Mumbai,2022-05-26
674,Cust_674,Jaipur,2023-01-01
675,Cust_675,Mumbai,2023-09-13
676,Cust_676,Mumbai,2022-01-15
677,Cust_677,Bangalore,2022-04-02
678,Cust_678,Bangalore,2023-08-29
679,Cust_679,Bangalore,2022-04-02
680,Cust_680,Mumbai,2022-05-21
681,Cust_681,Jaipur,2022-10-10
682,Cust_682,Jaipur,2023-09-18
683,Cust_683,Mumbai,2023-08-31
684,Cust_684,Mumbai,2023-05-30
685,Cust_685,Bangalore,2023-10-01
686,Cust_686,Delhi,2022-10-21
687,Cust_687,Delhi,2023-11-08
688,Cust_688,Bangalore,2022-08-02
689,Cust_689,Delhi,2022-12-15
690,Cust_690,Bangalore,2022-02-14
691,Cust_691,Mumbai,2022-12-15
692,Cust_692,Pune,2023-08-13
693,Cust_693,Jaipur,2023-01-23
694,Cust_694,Mumbai,2023-06-03
695,Cust_695,Pune,2023-10-02
696,Cust_696,Jaipur,2023-11-13
697,Cust_697,Bangalore,2022-08-06
698,Cust_698,Delhi,2022-11-26
699,Cust_699,Mumbai,2022-02-13
700,Cust_700,Delhi,2023-01-03
701,Cust_701,Delhi,2022-10-03
702,Cust_702,Bangalore,2022-09-07
703,Cust_703,Jaipur,2022-05-04
704,Cust_704,Bangalore,2022-04-01
705,Cust_705,Bangalore,2023-03-04
706,Cust_706,Bangalore,2023-11-22
707,Cust_707,Jaipur,2022-05-07
708,Cust_708,Bangalore,2022-09-16
709,Cust_709,Jaipur,2023-03-16
710,Cust_710,Bangalore,2023-11-17
711,Cust_711,Delhi,2022-04-11
712,Cust_712,Pune,2022-02-07
713,Cust_713,Delhi,2022-06-06
714,Cust_714,Jaipur,2022-11-22
715,Cust_715,Mumbai,2023-07-26
716,Cust_716,Delhi,2023-05-17
717,Cust_717,Mumbai,2022-11-21
718,Cust_718,Delhi,2023-04-23
719,Cust_719,Bangalore,2022-07-26
720,Cust_720,Delhi,2023-03-20
721,Cust_721,Jaipur,2022-12-13
722,Cust_722,Bangalore,2023-08-29
723,Cust_723,Jaipur,2022-03-10
724,Cust_724,Pune,2022-08-07
725,Cust_725,Delhi,2023-01-17
726,Cust_726,Jaipur,2023-03-11
727,Cust_727,Jaipur,2023-02-27
728,Cust_728,Bangalore,2022-06-13
729,Cust_729,Bangalore,2023-01-29
730,Cust_730,Mumbai,2023-02-20
731,Cust_731,Pune,2023-05-16
732,Cust_732,Bangalore,2023-08-09
733,Cust_733,Delhi,2023-05-02
734,Cust_734,Pune,2023-06-21
735,Cust_735,Jaipur,2023-09-11
736,Cust_736,Bangalore,2022-06-02
737,Cust_737,Pune,2022-08-27
738,Cust_738,Jaipur,2022-02-21
739,Cust_739,Bangalore,2023-09-23
740,Cust_740,Delhi,2022-12-16
741,Cust_741,Bangalore,2022-02-25
742,Cust_742,Delhi,2022-12-01
743,Cust_743,Bangalore,2023-07-02
744,Cust_744,Pune,2022-12-28
745,Cust_745,Jaipur,2023-07-19
746,Cust_746,Jaipur,2023-07-26
747,Cust_747,Delhi,2022-10-11
748,Cust_748,Delhi,2023-09-22
749,Cust_749,Pune,2023-01-09
750,Cust_750,Bangalore,2022-06-15
751,Cust_751,Delhi,2022-05-11
752,Cust_752,Delhi,2022-05-22
753,Cust_753,Bangalore,2022-10-03
754,Cust_754,Bangalore,2022-04-02
755,Cust_755,Jaipur,2022-04-10
756,Cust_756,Pune,2023-01-22
757,Cust_757,Mumbai,2022-09-13
758,Cust_758,Mumbai,2022-08-09
759,Cust_759,Bangalore,2023-09-04
760,Cust_760,Mumbai,2022-11-29
761,Cust_761,Delhi,2022-08-21
762,Cust_762,Pune,2023-04-08
763,Cust_763,Jaipur,2022-07-30
764,Cust_764,Jaipur,2022-02-23
765,Cust_765,Pune,2023-07-23
766,Cust_766,Mumbai,2022-01-12
767,Cust_767,Delhi,2023-03-18
768,Cust_768,Bangalore,2022-06-06
769,Cust_769,Jaipur,2023-07-27
770,Cust_770,Jaipur,2023-06-05
771,Cust_771,Bangalore,2023-04-04
772,Cust_772,Jaipur,2022-12-16
773,Cust_773,Jaipur,2022-03-23
774,Cust_774,Pune,2022-01-29
775,Cust_775,Jaipur,2023-03-05
776,Cust_776,Jaipur,2022-02-21
777,Cust_777,Pune,2023-06-04
778,Cust_778,Bangalore,2023-04-11
779,Cust_779,Delhi,2023-11-02
780,Cust_780,Delhi,2023-04-23
781,Cust_781,Bangalore,2023-11-30
782,Cust_782,Delhi,2022-02-06
783,Cust_783,Bangalore,2023-10-25
784,Cust_784,Mumbai,2023-06-23
785,Cust_785,Jaipur,2022-06-22
786,Cust_786,Mumbai,2022-03-20
787,Cust_787,Jaipur,2022-12-06
788,Cust_788,Jaipur,2023-03-31
789,Cust_789,Jaipur,2023-06-17
790,Cust_790,Delhi,2023-05-20
791,Cust_791,Delhi,2022-06-14
792,Cust_792,Mumbai,2022-09-08
793,Cust_793,Bangalore,2022-08-17
794,Cust_794,Delhi,2023-06-14
795,Cust_795,Jaipur,2023-08-15
796,Cust_796,Jaipur,2023-10-27
797,Cust_797,Delhi,2023-11-26
798,Cust_798,Bangalore,2023-05-31
799,Cust_799,Pune,2022-02-12
800,Cust_800,Mumbai,2023-09-14
801,Cust_801,Pune,2023-11-23
802,Cust_802,Delhi,2023-03-06
803,Cust_803,Delhi,2022-08-11
804,Cust_804,Jaipur,2022-11-18
805,Cust_805,Delhi,2023-03-24
806,Cust_806,Bangalore,2022-03-02
807,Cust_807,Pune,2023-03-05
808,Cust_808,Bangalore,2023-09-08
809,Cust_809,Jaipur,2022-02-21
810,Cust_810,Pune,2022-11-18
811,Cust_811,Bangalore,2022-04-19
812,Cust_812,Bangalore,2023-02-27
813,Cust_813,Delhi,2023-11-11
814,Cust_814,Jaipur,2023-08-06
815,Cust_815,Delhi,2023-10-25
816,Cust_816,Bangalore,2022-12-29
817,Cust_817,Bangalore,2023-03-21
818,Cust_818,Delhi,2023-07-16
819,Cust_819,Bangalore,2022-04-09
820,Cust_820,Pune,2022-04-21
821,Cust_821,Delhi,2022-05-19
822,Cust_822,Pune,2023-11-04
823,Cust_823,Bangalore,2023-07-28
824,Cust_824,Bangalore,2023-04-18
825,Cust_825,Delhi,2023-06-28
826,Cust_826,Jaipur,2022-08-11
827,Cust_827,Delhi,2022-07-02
828,Cust_828,Pune,2022-05-31
829,Cust_829,Bangalore,2023-07-18
830,Cust_830,Jaipur,2022-07-26
831,Cust_831,Pune,2023-03-03
832,Cust_832,Pune,2023-11-06
833,Cust_833,Jaipur,2023-05-24
834,Cust_834,Bangalore,2022-01-22
835,Cust_835,Mumbai,2022-05-27
836,Cust_836,Jaipur,2023-04-12
837,Cust_837,Bangalore,2022-03-10
838,Cust_838,Pune,2022-10-05
839,Cust_839,Mumbai,2022-09-23
840,Cust_840,Delhi,2022-04-25
841,Cust_841,Mumbai,2023-04-02
842,Cust_842,Jaipur,2023-05-18
843,Cust_843,Mumbai,2022-05-23
844,Cust_844,Bangalore,2023-10-18
845,Cust_845,Delhi,2023-10-31
846,Cust_846,Delhi,2023-10-11
847,Cust_847,Delhi,2023-08-26
848,Cust_848,Bangalore,2023-05-29
849,Cust_849,Bangalore,2022-04-21
850,Cust_850,Jaipur,2023-06-26
851,Cust_851,Bangalore,2022-06-09
852,Cust_852,Delhi,2022-02-15
853,Cust_853,Delhi,2022-06-10
854,Cust_854,Mumbai,2023-06-03
855,Cust_855,Jaipur,2023-11-14
856,Cust_856,Mumbai,2022-05-04
857,Cust_857,Jaipur,2023-04-12
858,Cust_858,Pune,2022-12-20
859,Cust_859,Bangalore,2023-04-02
860,Cust_860,Jaipur,2022-08-26
861,Cust_861,Pune,2023-02-28
862,Cust_862,Jaipur,2022-03-30
863,Cust_863,Bangalore,2023-05-29
864,Cust_864,Mumbai,2022-10-01
865,Cust_865,Jaipur,2022-01-13
866,Cust_866,Mumbai,2023-02-14
867,Cust_867,Bangalore,2023-04-26
868,Cust_868,Jaipur,2022-11-30
869,Cust_869,Bangalore,2023-09-19
870,Cust_870,Bangalore,2022-12-12
871,Cust_871,Mumbai,2023-02-03
872,Cust_872,Delhi,2023-03-23
873,Cust_873,Delhi,2023-11-08
874,Cust_874,Bangalore,2023-04-14
875,Cust_875,Mumbai,2022-12-03
876,Cust_876,Delhi,2022-02-19
877,Cust_877,Pune,2022-08-29
878,Cust_878,Jaipur,2022-06-23
879,Cust_879,Jaipur,2022-03-30
880,Cust_880,Bangalore,2023-07-17
881,Cust_881,Pune,2023-05-31
882,Cust_882,Delhi,2022-05-05
883,Cust_883,Jaipur,2022-04-17
884,Cust_884,Delhi,2023-04-19
885,Cust_885,Pune,2022-07-19
886,Cust_886,Pune,2022-11-29
887,Cust_887,Pune,2023-02-07
888,Cust_888,Mumbai,2022-07-01
889,Cust_889,Bangalore,2022-01-02
890,Cust_890,Bangalore,2023-09-24
891,Cust_891,Jaipur,2023-04-09
892,Cust_892,Delhi,2022-04-13
893,Cust_893,Jaipur,2023-06-30
894,Cust_894,Jaipur,2022-03-13
895,Cust_895,Jaipur,2022-01-31
896,Cust_896,Mumbai,2022-05-27
897,Cust_897,Delhi,2023-09-22
898,Cust_898,Mumbai,2022-10-12
899,Cust_899,Bangalore,2022-05-18
900,Cust_900,Pune,2022-05-21
901,Cust_901,Mumbai,2022-09-14
902,Cust_902,Delhi,2022-05-21
903,Cust_903,Jaipur,2023-07-01
904,Cust_904,Mumbai,2023-02-06
905,Cust_905,Mumbai,2023-05-09
906,Cust_906,Mumbai,2023-11-03
907,Cust_907,Delhi,2023-04-09
908,Cust_908,Mumbai,2022-11-22
909,Cust_909,Delhi,2022-09-13
910,Cust_910,Pune,2022-03-21
911,Cust_911,Delhi,2022-05-23
912,Cust_912,Bangalore,2023-09-03
913,Cust_913,Jaipur,2022-10-12
914,Cust_914,Delhi,2022-01-27
915,Cust_915,Bangalore,2022-05-18
916,Cust_916,Bangalore,2023-04-29
917,Cust_917,Delhi,2022-08-24
918,Cust_918,Delhi,2023-08-31
919,Cust_919,Bangalore,2022-04-03
920,Cust_920,Pune,2023-07-27
921,Cust_921,Pune,2023-10-21
922,Cust_922,Bangalore,2023-02-04
923,Cust_923,Bangalore,2023-11-11
924,Cust_924,Bangalore,2022-04-12
925,Cust_925,Bangalore,2023-04-14
926,Cust_926,Pune,2022-01-04
927,Cust_927,Delhi,2023-05-31
928,Cust_928,Bangalore,2022-02-12
929,Cust_929,Pune,2023-09-11
930,Cust_930,Delhi,2022-02-04
931,Cust_931,Mumbai,2022-08-21
932,Cust_932,Delhi,2023-04-18
933,Cust_933,Mumbai,2022-12-13
934,Cust_934,Delhi,2023-08-10
935,Cust_935,Pune,2023-03-19
936,Cust_936,Mumbai,2022-05-15
937,Cust_937,Jaipur,2022-12-10
938,Cust_938,Jaipur,2023-04-05
939,Cust_939,Pune,2022-11-11
940,Cust_940,Pune,2023-10-12
941,Cust_941,Bangalore,2022-11-29
942,Cust_942,Pune,2023-02-13
943,Cust_943,Jaipur,2023-10-03
944,Cust_944,Jaipur,2023-11-02
945,Cust_945,Jaipur,2023-05-10
946,Cust_946,Jaipur,2023-10-02
947,Cust_947,Jaipur,2023-11-22
948,Cust_948,Pune,2023-08-09
949,Cust_949,Pune,2023-03-22
950,Cust_950,Mumbai,2022-02-07
951,Cust_951,Mumbai,2022-01-01
952,Cust_952,Bangalore,2023-08-04
953,Cust_953,Delhi,2023-10-26
954,Cust_954,Pune,2023-07-03
955,Cust_955,Bangalore,2023-08-27
956,Cust_956,Bangalore,2023-11-19
957,Cust_957,Delhi,2023-07-04
958,Cust_958,Delhi,2022-03-28
959,Cust_959,Jaipur,2022-11-04
960,Cust_960,Delhi,2023-11-28
961,Cust_961,Delhi,2023-03-31
962,Cust_962,Bangalore,2023-11-28
963,Cust_963,Mumbai,2022-01-28
964,Cust_964,Pune,2023-04-07
965,Cust_965,Jaipur,2022-04-17
966,Cust_966,Pune,2023-09-12
967,Cust_967,Pune,2022-01-17
968,Cust_968,Jaipur,2023-03-31
969,Cust_969,Delhi,2022-06-26
970,Cust_970,Bangalore,2022-07-08
971,Cust_971,Bangalore,2022-10-26
972,Cust_972,Bangalore,2022-08-22
973,Cust_973,Bangalore,2023-01-09
974,Cust_974,Bangalore,2022-11-18
975,Cust_975,Jaipur,2022-09-11
976,Cust_976,Jaipur,2023-07-14
977,Cust_977,Mumbai,2022-05-22
978,Cust_978,Pune,2022-12-15
979,Cust_979,Pune,2022-10-28
980,Cust_980,Bangalore,2022-02-19
981,Cust_981,Bangalore,2022-05-06
982,Cust_982,Pune,2022-01-15
983,Cust_983,Delhi,2022-01-19
984,Cust_984,Bangalore,2022-07-16
985,Cust_985,Bangalore,2023-05-01
986,Cust_986,Jaipur,2023-08-22
987,Cust_987,Delhi,2022-03-17
988,Cust_988,Jaipur,2022-06-03
989,Cust_989,Delhi,2023-11-17
990,Cust_990,Delhi,2022-01-17
991,Cust_991,Jaipur,2022-12-30
992,Cust_992,Mumbai,2022-04-25
993,Cust_993,Mumbai,2022-05-08
994,Cust_994,Pune,2022-05-24
995,Cust_995,Jaipur,2022-12-17
996,Cust_996,Delhi,2022-09-23
997,Cust_997,Jaipur,2023-03-14
998,Cust_998,Mumbai,2023-06-15
999,Cust_999,Delhi,2022-09-11
1000,Cust_1000,Delhi,2022-08-23
1001,Cust_1001,Delhi,2023-01-12
1002,Cust_1002,Pune,2023-11-16
1003,Cust_1003,Delhi,2023-08-07
1004,Cust_1004,Pune,2023-09-11
1005,Cust_1005,Jaipur,2022-01-02
1006,Cust_1006,Jaipur,2022-01-14
1007,Cust_1007,Delhi,2022-01-17
1008,Cust_1008,Bangalore,2022-11-11
1009,Cust_1009,Mumbai,2022-06-21
1010,Cust_1010,Delhi,2023-02-06
1011,Cust_1011,Pune,2023-04-12
1012,Cust_1012,Mumbai,2023-05-03
1013,Cust_1013,Delhi,2023-08-30
1014,Cust_1014,Delhi,2022-09-13
1015,Cust_1015,Mumbai,2023-01-11
1016,Cust_1016,Pune,2023-09-03
1017,Cust_1017,Mumbai,2022-01-27
1018,Cust_1018,Pune,2023-03-21
1019,Cust_1019,Mumbai,2022-04-15
1020,Cust_1020,Jaipur,2023-06-23
1021,Cust_1021,Bangalore,2022-01-06
1022,Cust_1022,Delhi,2023-05-13
1023,Cust_1023,Pune,2023-08-16
1024,Cust_1024,Jaipur,2023-02-24
1025,Cust_1025,Pune,2022-09-05
1026,Cust_1026,Pune,2022-12-22
1027,Cust_1027,Delhi,2022-12-22
1028,Cust_1028,Bangalore,2023-03-10
1029,Cust_1029,Jaipur,2022-05-02
1030,Cust_1030,Mumbai,2022-12-05
1031,Cust_1031,Bangalore,2023-05-15
1032,Cust_1032,Bangalore,2023-02-18
1033,Cust_1033,Pune,2023-07-22
1034,Cust_1034,Pune,2022-01-29
1035,Cust_1035,Delhi,2022-12-01
1036,Cust_1036,Bangalore,2023-05-16
1037,Cust_1037,Mumbai,2023-07-21
1038,Cust_1038,Pune,2022-09-02
1039,Cust_1039,Jaipur,2022-05-11
1040,Cust_1040,Jaipur,2022-01-19
1041,Cust_1041,Jaipur,2022-05-23
1042,Cust_1042,Delhi,2022-11-09
1043,Cust_1043,Pune,2022-06-28
1044,Cust_1044,Pune,2023-03-25
1045,Cust_1045,Jaipur,2023-06-09
1046,Cust_1046,Delhi,2023-06-23
1047,Cust_1047,Bangalore,2022-06-10
1048,Cust_1048,Mumbai,2023-06-18
1049,Cust_1049,Bangalore,2022-10-15
1050,Cust_1050,Pune,2023-09-26
1051,Cust_1051,Bangalore,2023-08-06
1052,Cust_1052,Jaipur,2022-06-15
1053,Cust_1053,Delhi,2022-10-02
1054,Cust_1054,Jaipur,2023-08-05
1055,Cust_1055,Jaipur,2022-10-09
1056,Cust_1056,Mumbai,2023-09-29
1057,Cust_1057,Bangalore,2023-10-06
1058,Cust_1058,Bangalore,2022-02-14
1059,Cust_1059,Pune,2022-06-27
1060,Cust_1060,Jaipur,2022-09-08
1061,Cust_1061,Jaipur,2022-09-13
1062,Cust_1062,Delhi,2022-05-07
1063,Cust_1063,Jaipur,2023-11-11
1064,Cust_1064,Bangalore,2022-09-21
1065,Cust_1065,Jaipur,2023-10-08
1066,Cust_1066,Jaipur,2023-04-01
1067,Cust_1067,Mumbai,2022-03-03
1068,Cust_1068,Mumbai,2022-03-11
1069,Cust_1069,Jaipur,2022-02-16
1070,Cust_1070,Bangalore,2023-10-06
1071,Cust_1071,Pune,2022-08-03
1072,Cust_1072,Jaipur,2022-09-13
1073,Cust_1073,Delhi,2022-10-15
1074,Cust_1074,Pune,2023-09-16
1075,Cust_1075,Bangalore,2022-12-20
1076,Cust_1076,Mumbai,2023-01-17
1077,Cust_1077,Pune,2023-02-09
1078,Cust_1078,Pune,2023-05-06
1079,Cust_1079,Jaipur,2022-05-01
1080,Cust_1080,Mumbai,2023-09-04
1081,Cust_1081,Bangalore,2022-02-08
1082,Cust_1082,Bangalore,2022-01-28
1083,Cust_1083,Bangalore,2023-03-25
1084,Cust_1084,Delhi,2022-02-03
1085,Cust_1085,Delhi,2022-03-22
1086,Cust_1086,Delhi,2022-01-07
1087,Cust_1087,Delhi,2023-06-28
1088,Cust_1088,Bangalore,2022-01-12
1089,Cust_1089,Delhi,2022-06-23
1090,Cust_1090,Delhi,2023-04-07
1091,Cust_1091,Pune,2023-03-09
1092,Cust_1092,Pune,2022-06-29
1093,Cust_1093,Delhi,2023-08-20
1094,Cust_1094,Bangalore,2022-03-25
1095,Cust_1095,Mumbai,2023-04-08
1096,Cust_1096,Bangalore,2023-11-06
1097,Cust_1097,Jaipur,2023-01-13
1098,Cust_1098,Mumbai,2023-11-23
1099,Cust_1099,Mumbai,2023-10-18
1100,Cust_1100,Mumbai,2023-10-26
1101,Cust_1101,Delhi,2022-07-03
1102,Cust_1102,Delhi,2022-05-17
1103,Cust_1103,Jaipur,2022-08-20
1104,Cust_1104,Pune,2023-04-18
1105,Cust_1105,Mumbai,2023-01-08
1106,Cust_1106,Delhi,2022-07-04
1107,Cust_1107,Bangalore,2022-01-30
1108,Cust_1108,Jaipur,2022-05-03
1109,Cust_1109,Pune,2022-12-12
1110,Cust_1110,Pune,2023-03-28
1111,Cust_1111,Jaipur,2023-11-17
1112,Cust_1112,Mumbai,2022-11-10
1113,Cust_1113,Bangalore,2023-08-10
1114,Cust_1114,Bangalore,2023-08-29
1115,Cust_1115,Delhi,2023-05-15
1116,Cust_1116,Bangalore,2023-04-16
1117,Cust_1117,Bangalore,2023-08-13
1118,Cust_1118,Delhi,2023-06-22
1119,Cust_1119,Pune,2022-12-05
1120,Cust_1120,Pune,2022-02-12
1121,Cust_1121,Jaipur,2022-12-08
1122,Cust_1122,Jaipur,2023-09-02
1123,Cust_1123,Mumbai,2022-10-10
1124,Cust_1124,Jaipur,2022-04-12
1125,Cust_1125,Pune,2022-12-02
1126,Cust_1126,Jaipur,2023-02-23
1127,Cust_1127,Pune,2022-05-19
1128,Cust_1128,Delhi,2022-04-24
1129,Cust_1129,Pune,2022-04-09
1130,Cust_1130,Mumbai,2022-04-02
1131,Cust_1131,Jaipur,2023-03-21
1132,Cust_1132,Jaipur,2022-08-05
1133,Cust_1133,Pune,2023-08-28
1134,Cust_1134,Bangalore,2023-03-08
1135,Cust_1135,Delhi,2023-01-22
1136,Cust_1136,Delhi,2023-03-28
1137,Cust_1137,Pune,2023-07-16
1138,Cust_1138,Delhi,2022-07-18
1139,Cust_1139,Bangalore,2023-05-01
1140,Cust_1140,Jaipur,2023-08-05
1141,Cust_1141,Jaipur,2022-01-24
1142,Cust_1142,Jaipur,2023-06-22
1143,Cust_1143,Mumbai,2023-06-26
1144,Cust_1144,Jaipur,2022-09-12
1145,Cust_1145,Jaipur,2022-10-17
1146,Cust_1146,Pune,2022-01-03
1147,Cust_1147,Delhi,2023-09-06
1148,Cust_1148,Mumbai,2022-07-27
1149,Cust_1149,Delhi,2023-01-20
1150,Cust_1150,Bangalore,2022-10-07
1151,Cust_1151,Delhi,2023-06-19
1152,Cust_1152,Bangalore,2022-06-02
1153,Cust_1153,Bangalore,2022-11-24
1154,Cust_1154,Delhi,2023-02-18
1155,Cust_1155,Mumbai,2022-09-04
1156,Cust_1156,Pune,2023-02-09
1157,Cust_1157,Pune,2022-01-15
1158,Cust_1158,Mumbai,2022-01-26
1159,Cust_1159,Pune,2023-06-08
1160,Cust_1160,Mumbai,2023-04-02
1161,Cust_1161,Bangalore,2023-08-16
1162,Cust_1162,Pune,2023-06-26
1163,Cust_1163,Bangalore,2023-07-05
1164,Cust_1164,Jaipur,2023-09-06
1165,Cust_1165,Bangalore,2023-09-23
1166,Cust_1166,Bangalore,2023-08-23
1167,Cust_1167,Bangalore,2023-07-17
1168,Cust_1168,Delhi,2022-12-12
1169,Cust_1169,Pune,2022-08-22
1170,Cust_1170,Jaipur,2023-07-07
1171,Cust_1171,Jaipur,2023-11-20
1172,Cust_1172,Pune,2022-11-16
1173,Cust_1173,Jaipur,2022-10-13
1174,Cust_1174,Bangalore,2023-11-09
1175,Cust_1175,Jaipur,2022-04-29
1176,Cust_1176,Mumbai,2022-12-19
1177,Cust_1177,Delhi,2022-07-19
1178,Cust_1178,Bangalore,2022-07-13
1179,Cust_1179,Mumbai,2022-02-11
1180,Cust_1180,Jaipur,2022-08-18
1181,Cust_1181,Mumbai,2023-11-15
1182,Cust_1182,Delhi,2022-06-07
1183,Cust_1183,Pune,2023-01-08
1184,Cust_1184,Delhi,2022-12-08
1185,Cust_1185,Mumbai,2023-11-13
1186,Cust_1186,Mumbai,2023-01-26
1187,Cust_1187,Jaipur,2023-01-16
1188,Cust_1188,Mumbai,2022-06-09
1189,Cust_1189,Bangalore,2022-03-22
1190,Cust_1190,Mumbai,2022-11-15
1191,Cust_1191,Pune,2022-04-04
1192,Cust_1192,Mumbai,2023-02-15
1193,Cust_1193,Pune,2022-10-11
1194,Cust_1194,Pune,2022-08-18
1195,Cust_1195,Mumbai,2022-12-14
1196,Cust_1196,Bangalore,2023-11-01
1197,Cust_1197,Bangalore,2023-08-28
1198,Cust_1198,Mumbai,2022-04-15
1199,Cust_1199,Bangalore,2022-11-28
1200,Cust_1200,Jaipur,2023-11-09
1201,Cust_1201,Bangalore,2023-05-30
1202,Cust_1202,Bangalore,2022-03-26
1203,Cust_1203,Jaipur,2022-07-21
1204,Cust_1204,Delhi,2022-01-19
1205,Cust_1205,Pune,2022-09-01
1206,Cust_1206,Jaipur,2023-06-07
1207,Cust_1207,Bangalore,2023-03-01
1208,Cust_1208,Jaipur,2023-05-09
1209,Cust_1209,Jaipur,2022-01-26
1210,Cust_1210,Pune,2022-06-08
1211,Cust_1211,Bangalore,2022-04-11
1212,Cust_1212,Bangalore,2023-09-01
1213,Cust_1213,Pune,2022-12-30
1214,Cust_1214,Mumbai,2022-03-01
1215,Cust_1215,Mumbai,2023-09-28
1216,Cust_1216,Delhi,2022-06-07
1217,Cust_1217,Delhi,2023-09-07
1218,Cust_1218,Mumbai,2022-11-03
1219,Cust_1219,Jaipur,2022-11-26
1220,Cust_1220,Jaipur,2022-03-11
1221,Cust_1221,Delhi,2022-12-15
1222,Cust_1222,Delhi,2022-02-18
1223,Cust_1223,Delhi,2023-02-25
1224,Cust_1224,Jaipur,2022-10-27
1225,Cust_1225,Bangalore,2022-05-11
1226,Cust_1226,Delhi,2022-01-02
1227,Cust_1227,Delhi,2022-08-24
1228,Cust_1228,Bangalore,2022-12-13
1229,Cust_1229,Bangalore,2023-05-15
1230,Cust_1230,Mumbai,2023-08-06
1231,Cust_1231,Mumbai,2023-02-13
1232,Cust_1232,Bangalore,2023-04-01
1233,Cust_1233,Pune,2022-01-27
1234,Cust_1234,Mumbai,2023-05-31
1235,Cust_1235,Mumbai,2023-05-25
1236,Cust_1236,Jaipur,2022-11-17
1237,Cust_1237,Delhi,2022-06-25
1238,Cust_1238,Mumbai,2023-02-20
1239,Cust_1239,Mumbai,2022-05-24
1240,Cust_1240,Mumbai,2023-06-17
1241,Cust_1241,Mumbai,2022-01-09
1242,Cust_1242,Jaipur,2022-10-27
1243,Cust_1243,Mumbai,2022-12-06
1244,Cust_1244,Delhi,2022-07-29
1245,Cust_1245,Pune,2023-04-21
1246,Cust_1246,Bangalore,2023-08-31
1247,Cust_1247,Bangalore,2022-12-17
1248,Cust_1248,Mumbai,2023-11-09
1249,Cust_1249,Pune,2023-04-22
1250,Cust_1250,Jaipur,2022-04-24
1251,Cust_1251,Delhi,2023-10-01
1252,Cust_1252,Pune,2023-09-22
1253,Cust_1253,Jaipur,2023-02-09
1254,Cust_1254,Delhi,2022-01-09
1255,Cust_1255,Bangalore,2023-01-05
1256,Cust_1256,Jaipur,2022-01-23
1257,Cust_1257,Bangalore,2022-06-25
1258,Cust_1258,Bangalore,2022-03-21
1259,Cust_1259,Jaipur,2023-03-21
1260,Cust_1260,Pune,2022-12-18
1261,Cust_1261,Jaipur,2022-03-27
1262,Cust_1262,Mumbai,2023-07-31
1263,Cust_1263,Delhi,2022-02-03
1264,Cust_1264,Pune,2023-04-27
1265,Cust_1265,Delhi,2023-06-26
1266,Cust_1266,Mumbai,2022-04-26
1267,Cust_1267,Mumbai,2023-10-11
1268,Cust_1268,Jaipur,2022-03-04
1269,Cust_1269,Bangalore,2023-03-31
1270,Cust_1270,Pune,2022-09-10
1271,Cust_1271,Bangalore,2023-08-08
1272,Cust_1272,Bangalore,2023-07-05
1273,Cust_1273,Mumbai,2023-07-31
1274,Cust_1274,Jaipur,2022-10-17
1275,Cust_1275,Delhi,2022-03-23
1276,Cust_1276,Mumbai,2022-06-30
1277,Cust_1277,Jaipur,2023-03-04
1278,Cust_1278,Mumbai,2022-07-24
1279,Cust_1279,Mumbai,2022-05-05
1280,Cust_1280,Jaipur,2023-02-08
1281,Cust_1281,Delhi,2022-05-17
1282,Cust_1282,Delhi,2022-07-12
1283,Cust_1283,Delhi,2022-11-14
1284,Cust_1284,Delhi,2023-07-11
1285,Cust_1285,Delhi,2022-11-10
1286,Cust_1286,Bangalore,2022-02-06
1287,Cust_1287,Bangalore,2022-07-03
1288,Cust_1288,Jaipur,2022-12-29
1289,Cust_1289,Jaipur,2023-02-09
1290,Cust_1290,Jaipur,2022-01-05
1291,Cust_1291,Delhi,2022-09-23
1292,Cust_1292,Bangalore,2023-10-11
1293,Cust_1293,Mumbai,2022-04-26
1294,Cust_1294,Bangalore,2023-11-08
1295,Cust_1295,Pune,2023-02-13
1296,Cust_1296,Delhi,2023-09-06
1297,Cust_1297,Mumbai,2023-08-03
1298,Cust_1298,Bangalore,2022-03-10
1299,Cust_1299,Mumbai,2023-02-27
1300,Cust_1300,Mumbai,2023-03-31
1301,Cust_1301,Bangalore,2022-09-09
1302,Cust_1302,Mumbai,2023-08-31
1303,Cust_1303,Pune,2023-06-01
1304,Cust_1304,Pune,2023-10-22
1305,Cust_1305,Mumbai,2023-06-15
1306,Cust_1306,Delhi,2022-01-29
1307,Cust_1307,Delhi,2023-02-15
1308,Cust_1308,Jaipur,2023-01-16
1309,Cust_1309,Mumbai,2022-03-23
1310,Cust_1310,Bangalore,2022-04-18
1311,Cust_1311,Pune,2023-08-24
1312,Cust_1312,Delhi,2023-07-03
1313,Cust_1313,Pune,2022-03-27
1314,Cust_1314,Mumbai,2022-03-22
1315,Cust_1315,Pune,2023-02-24
1316,Cust_1316,Jaipur,2022-09-30
1317,Cust_1317,Jaipur,2023-06-10
1318,Cust_1318,Pune,2022-09-14
1319,Cust_1319,Delhi,2023-06-28
1320,Cust_1320,Delhi,2022-08-03
1321,Cust_1321,Jaipur,2023-06-11
1322,Cust_1322,Pune,2022-07-28
1323,Cust_1323,Jaipur,2022-11-08
1324,Cust_1324,Mumbai,2022-03-10
1325,Cust_1325,Bangalore,2023-09-12
1326,Cust_1326,Delhi,2023-09-06
1327,Cust_1327,Delhi,2022-04-16
1328,Cust_1328,Mumbai,2022-04-27
1329,Cust_1329,Pune,2022-10-03
1330,Cust_1330,Bangalore,2023-08-19
1331,Cust_1331,Mumbai,2023-10-10
1332,Cust_1332,Delhi,2023-09-18
1333,Cust_1333,Pune,2022-05-22
1334,Cust_1334,Mumbai,2022-07-09
1335,Cust_1335,Jaipur,2022-06-14
1336,Cust_1336,Bangalore,2022-11-25
1337,Cust_1337,Pune,2023-09-26
1338,Cust_1338,Jaipur,2023-02-03
1339,Cust_1339,Delhi,2022-11-23
1340,Cust_1340,Jaipur,2022-11-10
1341,Cust_1341,Pune,2022-12-20
1342,Cust_1342,Mumbai,2023-10-27
1343,Cust_1343,Jaipur,2023-08-21
1344,Cust_1344,Bangalore,2022-03-21
1345,Cust_1345,Jaipur,2022-12-12
1346,Cust_1346,Pune,2022-08-20
1347,Cust_1347,Pune,2022-08-07
1348,Cust_1348,Bangalore,2023-04-18
1349,Cust_1349,Mumbai,2023-09-09
1350,Cust_1350,Jaipur,2022-12-17
1351,Cust_1351,Jaipur,2022-08-12
1352,Cust_1352,Jaipur,2023-11-11
1353,Cust_1353,Jaipur,2023-03-06
1354,Cust_1354,Bangalore,2023-04-16
1355,Cust_1355,Jaipur,2023-07-03
1356,Cust_1356,Delhi,2023-08-02
1357,Cust_1357,Jaipur,2023-02-06
1358,Cust_1358,Mumbai,2023-02-22
1359,Cust_1359,Pune,2023-03-22
1360,Cust_1360,Delhi,2023-08-15
1361,Cust_1361,Bangalore,2022-04-20
1362,Cust_1362,Jaipur,2022-07-22
1363,Cust_1363,Jaipur,2023-11-12
1364,Cust_1364,Jaipur,2022-02-26
1365,Cust_1365,Pune,2022-12-02
1366,Cust_1366,Bangalore,2022-10-27
1367,Cust_1367,Delhi,2022-06-27
1368,Cust_1368,Bangalore,2022-06-17
1369,Cust_1369,Mumbai,2023-07-11
1370,Cust_1370,Jaipur,2022-02-05
1371,Cust_1371,Bangalore,2023-10-16
1372,Cust_1372,Pune,2022-11-06
1373,Cust_1373,Delhi,2023-06-21
1374,Cust_1374,Mumbai,2022-07-29
1375,Cust_1375,Bangalore,2023-09-01
1376,Cust_1376,Delhi,2022-03-31
1377,Cust_1377,Mumbai,2023-07-22
1378,Cust_1378,Pune,2023-04-02
1379,Cust_1379,Pune,2022-07-13
1380,Cust_1380,Bangalore,2022-03-30
1381,Cust_1381,Bangalore,2022-07-19
1382,Cust_1382,Bangalore,2022-07-15
1383,Cust_1383,Delhi,2023-05-15
1384,Cust_1384,Mumbai,2022-06-16
1385,Cust_1385,Jaipur,2023-10-28
1386,Cust_1386,Bangalore,2022-11-03
1387,Cust_1387,Bangalore,2023-05-30
1388,Cust_1388,Pune,2023-06-20
1389,Cust_1389,Delhi,2022-02-13
1390,Cust_1390,Mumbai,2022-07-12
1391,Cust_1391,Mumbai,2022-08-28
1392,Cust_1392,Delhi,2022-08-27
1393,Cust_1393,Mumbai,2023-04-30
1394,Cust_1394,Pune,2022-08-10
1395,Cust_1395,Bangalore,2022-07-08
1396,Cust_1396,Pune,2023-04-12
1397,Cust_1397,Mumbai,2023-11-20
1398,Cust_1398,Jaipur,2023-08-26
1399,Cust_1399,Mumbai,2023-10-31
1400,Cust_1400,Mumbai,2023-08-26
1401,Cust_1401,Pune,2023-08-05
1402,Cust_1402,Pune,2022-06-09
1403,Cust_1403,Bangalore,2022-01-27
1404,Cust_1404,Jaipur,2022-11-10
1405,Cust_1405,Bangalore,2023-02-06
1406,Cust_1406,Delhi,2022-02-02
1407,Cust_1407,Bangalore,2022-08-21
1408,Cust_1408,Delhi,2022-02-04
1409,Cust_1409,Mumbai,2023-05-29
1410,Cust_1410,Jaipur,2022-05-04
1411,Cust_1411,Bangalore,2022-10-14
1412,Cust_1412,Delhi,2022-04-30
1413,Cust_1413,Delhi,2022-09-12
1414,Cust_1414,Mumbai,2023-01-05
1415,Cust_1415,Jaipur,2023-07-01
1416,Cust_1416,Pune,2022-12-26
1417,Cust_1417,Bangalore,2023-08-22
1418,Cust_1418,Jaipur,2022-09-13
1419,Cust_1419,Jaipur,2022-12-03
1420,Cust_1420,Mumbai,2022-03-11
1421,Cust_1421,Mumbai,2022-07-12
1422,Cust_1422,Mumbai,2022-09-20
1423,Cust_1423,Bangalore,2023-07-27
1424,Cust_1424,Delhi,2023-01-14
1425,Cust_1425,Pune,2022-11-10
1426,Cust_1426,Delhi,2022-12-18
1427,Cust_1427,Jaipur,2023-07-19
1428,Cust_1428,Bangalore,2022-11-04
1429,Cust_1429,Mumbai,2022-05-09
1430,Cust_1430,Bangalore,2022-08-01
1431,Cust_1431,Delhi,2023-09-08
1432,Cust_1432,Jaipur,2022-10-18
1433,Cust_1433,Pune,2023-08-14
1434,Cust_1434,Delhi,2022-06-30
1435,Cust_1435,Mumbai,2022-07-05
1436,Cust_1436,Pune,2022-09-21
1437,Cust_1437,Bangalore,2023-03-04
1438,Cust_1438,Jaipur,2023-04-07
1439,Cust_1439,Mumbai,2022-12-03
1440,Cust_1440,Pune,2023-07-31
1441,Cust_1441,Delhi,2022-10-10
1442,Cust_1442,Delhi,2022-03-13
1443,Cust_1443,Bangalore,2022-04-22
1444,Cust_1444,Delhi,2022-06-03
1445,Cust_1445,Jaipur,2022-07-12
1446,Cust_1446,Jaipur,2022-04-28
1447,Cust_1447,Delhi,2023-06-03
1448,Cust_1448,Mumbai,2023-09-30
1449,Cust_1449,Jaipur,2022-01-06
1450,Cust_1450,Delhi,2023-07-17
1451,Cust_1451,Bangalore,2023-04-27
1452,Cust_1452,Delhi,2023-07-05
1453,Cust_1453,Bangalore,2022-10-02
1454,Cust_1454,Delhi,2023-03-31
1455,Cust_1455,Bangalore,2022-06-15
1456,Cust_1456,Mumbai,2022-09-01
1457,Cust_1457,Bangalore,2023-12-02
1458,Cust_1458,Mumbai,2023-06-09
1459,Cust_1459,Mumbai,2023-04-19
1460,Cust_1460,Pune,2022-04-05
1461,Cust_1461,Delhi,2023-10-01
1462,Cust_1462,Pune,2023-03-24
1463,Cust_1463,Pune,2023-11-14
1464,Cust_1464,Pune,2022-04-20
1465,Cust_1465,Jaipur,2022-05-12
1466,Cust_1466,Mumbai,2022-05-20
1467,Cust_1467,Pune,2022-04-06
1468,Cust_1468,Jaipur,2023-06-07
1469,Cust_1469,Mumbai,2023-07-16
1470,Cust_1470,Bangalore,2022-04-26
1471,Cust_1471,Jaipur,2022-08-04
1472,Cust_1472,Pune,2023-09-15
1473,Cust_1473,Bangalore,2022-02-02
1474,Cust_1474,Pune,2023-02-05
1475,Cust_1475,Jaipur,2023-03-06
1476,Cust_1476,Delhi,2023-05-22
1477,Cust_1477,Pune,2023-04-30
1478,Cust_1478,Mumbai,2022-05-30
1479,Cust_1479,Pune,2022-02-23
1480,Cust_1480,Delhi,2022-01-26
1481,Cust_1481,Pune,2023-08-16
1482,Cust_1482,Bangalore,2023-03-22
1483,Cust_1483,Pune,2023-01-25
1484,Cust_1484,Bangalore,2023-10-31
1485,Cust_1485,Delhi,2022-04-29
1486,Cust_1486,Bangalore,2023-08-17
1487,Cust_1487,Mumbai,2023-07-08
1488,Cust_1488,Pune,2023-03-19
1489,Cust_1489,Pune,2022-05-26
1490,Cust_1490,Mumbai,2023-08-23
1491,Cust_1491,Jaipur,2023-06-03
1492,Cust_1492,Delhi,2022-05-08
1493,Cust_1493,Bangalore,2023-12-01
1494,Cust_1494,Pune,2022-12-05
1495,Cust_1495,Delhi,2022-03-31
1496,Cust_1496,Jaipur,2022-12-10
1497,Cust_1497,Bangalore,2023-04-28
1498,Cust_1498,Delhi,2022-09-21
1499,Cust_1499,Delhi,2022-04-27
1500,Cust_1500,Delhi,2022-01-30
1501,Cust_1501,Pune,2023-05-21
1502,Cust_1502,Jaipur,2022-08-29
1503,Cust_1503,Delhi,2022-11-27
1504,Cust_1504,Jaipur,2023-08-05
1505,Cust_1505,Delhi,2023-06-14
1506,Cust_1506,Jaipur,2023-01-23
1507,Cust_1507,Pune,2023-05-21
1508,Cust_1508,Mumbai,2023-10-30
1509,Cust_1509,Mumbai,2023-07-17
1510,Cust_1510,Jaipur,2023-02-03
1511,Cust_1511,Bangalore,2023-06-27
1512,Cust_1512,Delhi,2022-05-07
1513,Cust_1513,Jaipur,2022-03-13
1514,Cust_1514,Pune,2022-05-17
1515,Cust_1515,Jaipur,2023-09-22
1516,Cust_1516,Mumbai,2022-01-12
1517,Cust_1517,Mumbai,2023-08-20
1518,Cust_1518,Jaipur,2023-02-03
1519,Cust_1519,Delhi,2022-03-10
1520,Cust_1520,Jaipur,2023-02-07
1521,Cust_1521,Mumbai,2023-02-08
1522,Cust_1522,Mumbai,2022-10-14
1523,Cust_1523,Jaipur,2023-08-22
1524,Cust_1524,Delhi,2022-04-16
1525,Cust_1525,Pune,2023-10-09
1526,Cust_1526,Mumbai,2023-09-16
1527,Cust_1527,Bangalore,2022-03-15
1528,Cust_1528,Bangalore,2022-02-09
1529,Cust_1529,Delhi,2022-06-27
1530,Cust_1530,Bangalore,2023-09-25
1531,Cust_1531,Jaipur,2023-11-30
1532,Cust_1532,Jaipur,2023-06-12
1533,Cust_1533,Jaipur,2023-02-11
1534,Cust_1534,Bangalore,2023-04-24
1535,Cust_1535,Delhi,2022-04-23
1536,Cust_1536,Bangalore,2022-11-20
1537,Cust_1537,Jaipur,2023-02-26
1538,Cust_1538,Pune,2022-05-24
1539,Cust_1539,Mumbai,2023-05-14
1540,Cust_1540,Bangalore,2022-10-09
1541,Cust_1541,Delhi,2023-06-11
1542,Cust_1542,Mumbai,2022-05-22
1543,Cust_1543,Mumbai,2023-11-04
1544,Cust_1544,Mumbai,2022-09-07
1545,Cust_1545,Bangalore,2022-03-07
1546,Cust_1546,Jaipur,2022-01-06
1547,Cust_1547,Delhi,2022-07-31
1548,Cust_1548,Bangalore,2022-03-14
1549,Cust_1549,Bangalore,2022-03-30
1550,Cust_1550,Mumbai,2023-06-25
1551,Cust_1551,Delhi,2022-02-25
1552,Cust_1552,Mumbai,2022-01-01
1553,Cust_1553,Pune,2023-12-01
1554,Cust_1554,Delhi,2022-06-01
1555,Cust_1555,Bangalore,2022-01-14
1556,Cust_1556,Delhi,2022-05-16
1557,Cust_1557,Mumbai,2022-06-27
1558,Cust_1558,Bangalore,2022-06-05
1559,Cust_1559,Mumbai,2022-09-27
1560,Cust_1560,Bangalore,2022-10-04
1561,Cust_1561,Mumbai,2023-09-09
1562,Cust_1562,Pune,2023-11-12
1563,Cust_1563,Bangalore,2022-11-08
1564,Cust_1564,Pune,2023-01-13
1565,Cust_1565,Bangalore,2023-02-24
1566,Cust_1566,Delhi,2022-04-24
1567,Cust_1567,Mumbai,2023-11-30
1568,Cust_1568,Delhi,2023-04-20
1569,Cust_1569,Pune,2023-04-07
1570,Cust_1570,Mumbai,2022-02-26
1571,Cust_1571,Pune,2022-09-27
1572,Cust_1572,Pune,2023-07-22
1573,Cust_1573,Delhi,2023-04-09
1574,Cust_1574,Bangalore,2023-04-26
1575,Cust_1575,Mumbai,2022-01-21
1576,Cust_1576,Delhi,2022-07-14
1577,Cust_1577,Delhi,2023-11-16
1578,Cust_1578,Jaipur,2023-11-28
1579,Cust_1579,Delhi,2022-09-14
1580,Cust_1580,Mumbai,2022-11-13
1581,Cust_1581,Mumbai,2023-03-14
1582,Cust_1582,Jaipur,2022-09-07
1583,Cust_1583,Mumbai,2023-04-09
1584,Cust_1584,Jaipur,2023-11-30
1585,Cust_1585,Jaipur,2023-06-30
1586,Cust_1586,Jaipur,2022-01-21
1587,Cust_1587,Mumbai,2022-06-10
1588,Cust_1588,Mumbai,2022-06-11
1589,Cust_1589,Pune,2022-02-20
1590,Cust_1590,Jaipur,2022-01-19
1591,Cust_1591,Bangalore,2022-12-26
1592,Cust_1592,Pune,2022-10-21
1593,Cust_1593,Pune,2023-11-24
1594,Cust_1594,Mumbai,2023-11-03
1595,Cust_1595,Jaipur,2022-01-29
1596,Cust_1596,Mumbai,2022-03-22
1597,Cust_1597,Bangalore,2022-02-06
1598,Cust_1598,Delhi,2023-10-12
1599,Cust_1599,Pune,2023-10-27
1600,Cust_1600,Pune,2023-03-07
1601,Cust_1601,Delhi,2022-01-05
1602,Cust_1602,Jaipur,2022-12-30
1603,Cust_1603,Bangalore,2023-03-01
1604,Cust_1604,Delhi,2023-07-24
1605,Cust_1605,Delhi,2023-11-29
1606,Cust_1606,Delhi,2023-07-18
1607,Cust_1607,Jaipur,2022-11-15
1608,Cust_1608,Jaipur,2022-02-12
1609,Cust_1609,Mumbai,2023-02-02
1610,Cust_1610,Jaipur,2023-03-04
1611,Cust_1611,Bangalore,2022-07-05
1612,Cust_1612,Pune,2022-05-14
1613,Cust_1613,Pune,2023-02-06
1614,Cust_1614,Delhi,2023-08-04
1615,Cust_1615,Delhi,2022-09-22
1616,Cust_1616,Bangalore,2022-09-24
1617,Cust_1617,Jaipur,2022-01-22
1618,Cust_1618,Mumbai,2022-12-20
1619,Cust_1619,Bangalore,2022-09-02
1620,Cust_1620,Jaipur,2022-01-03
1621,Cust_1621,Mumbai,2023-09-16
1622,Cust_1622,Jaipur,2023-03-28
1623,Cust_1623,Bangalore,2023-07-26
1624,Cust_1624,Pune,2022-11-24
1625,Cust_1625,Bangalore,2022-02-08
1626,Cust_1626,Jaipur,2022-02-17
1627,Cust_1627,Pune,2023-03-11
1628,Cust_1628,Jaipur,2022-11-18
1629,Cust_1629,Bangalore,2023-11-12
1630,Cust_1630,Jaipur,2023-09-06
1631,Cust_1631,Mumbai,2023-10-09
1632,Cust_1632,Pune,2023-10-26
1633,Cust_1633,Mumbai,2022-05-11
1634,Cust_1634,Delhi,2022-10-03
1635,Cust_1635,Delhi,2023-05-01
1636,Cust_1636,Delhi,2023-04-07
1637,Cust_1637,Bangalore,2022-03-19
1638,Cust_1638,Pune,2023-03-30
1639,Cust_1639,Mumbai,2022-05-20
1640,Cust_1640,Mumbai,2023-09-19
1641,Cust_1641,Mumbai,2023-05-14
1642,Cust_1642,Jaipur,2022-04-20
1643,Cust_1643,Delhi,2022-08-23
1644,Cust_1644,Jaipur,2022-01-16
1645,Cust_1645,Pune,2022-07-28
1646,Cust_1646,Mumbai,2022-09-08
1647,Cust_1647,Jaipur,2023-09-21
1648,Cust_1648,Jaipur,2022-09-13
1649,Cust_1649,Mumbai,2023-07-28
1650,Cust_1650,Pune,2022-02-08
1651,Cust_1651,Bangalore,2022-10-02
1652,Cust_1652,Delhi,2023-11-09
1653,Cust_1653,Mumbai,2023-10-10
1654,Cust_1654,Pune,2022-12-11
1655,Cust_1655,Mumbai,2023-02-18
1656,Cust_1656,Delhi,2022-08-20
1657,Cust_1657,Mumbai,2023-05-27
1658,Cust_1658,Bangalore,2022-02-19
1659,Cust_1659,Mumbai,2022-07-23
1660,Cust_1660,Pune,2023-09-21
1661,Cust_1661,Jaipur,2022-12-20
1662,Cust_1662,Pune,2022-06-08
1663,Cust_1663,Jaipur,2022-02-19
1664,Cust_1664,Pune,2022-06-12
1665,Cust_1665,Delhi,2023-10-02
1666,Cust_1666,Mumbai,2023-09-12
1667,Cust_1667,Mumbai,2023-05-21
1668,Cust_1668,Bangalore,2022-03-23
1669,Cust_1669,Bangalore,2023-08-07
1670,Cust_1670,Jaipur,2022-05-19
1671,Cust_1671,Jaipur,2023-05-23
1672,Cust_1672,Jaipur,2023-10-09
1673,Cust_1673,Delhi,2022-04-12
1674,Cust_1674,Delhi,2023-05-25
1675,Cust_1675,Pune,2022-10-14
1676,Cust_1676,Delhi,2023-05-06
1677,Cust_1677,Jaipur,2023-05-02
1678,Cust_1678,Bangalore,2023-05-07
1679,Cust_1679,Delhi,2023-06-13
1680,Cust_1680,Delhi,2023-08-10
1681,Cust_1681,Bangalore,2022-10-17
1682,Cust_1682,Pune,2022-04-30
1683,Cust_1683,Jaipur,2022-04-06
1684,Cust_1684,Jaipur,2022-12-23
1685,Cust_1685,Delhi,2023-06-18
1686,Cust_1686,Delhi,2022-01-30
1687,Cust_1687,Jaipur,2022-03-31
1688,Cust_1688,Pune,2022-03-11
1689,Cust_1689,Mumbai,2023-06-21
1690,Cust_1690,Jaipur,2022-05-12
1691,Cust_1691,Jaipur,2022-09-08
1692,Cust_1692,Bangalore,2023-03-01
1693,Cust_1693,Pune,2023-04-30
1694,Cust_1694,Pune,2023-02-04
1695,Cust_1695,Pune,2023-11-30
1696,Cust_1696,Mumbai,2022-04-19
1697,Cust_1697,Pune,2023-07-31
1698,Cust_1698,Bangalore,2023-06-11
1699,Cust_1699,Delhi,2022-03-12
1700,Cust_1700,Mumbai,2022-05-02
1701,Cust_1701,Jaipur,2022-01-23
1702,Cust_1702,Jaipur,2022-02-02
1703,Cust_1703,Mumbai,2022-03-29
1704,Cust_1704,Bangalore,2022-01-09
1705,Cust_1705,Delhi,2022-10-13
1706,Cust_1706,Delhi,2022-05-27
1707,Cust_1707,Delhi,2023-01-19
1708,Cust_1708,Bangalore,2022-06-18
1709,Cust_1709,Pune,2022-01-27
1710,Cust_1710,Bangalore,2023-04-29
1711,Cust_1711,Jaipur,2022-02-09
1712,Cust_1712,Mumbai,2023-07-06
1713,Cust_1713,Mumbai,2022-10-11
1714,Cust_1714,Pune,2022-10-08
1715,Cust_1715,Delhi,2022-06-16
1716,Cust_1716,Delhi,2023-04-05
1717,Cust_1717,Pune,2023-10-27
1718,Cust_1718,Mumbai,2022-08-06
1719,Cust_1719,Jaipur,2022-06-29
1720,Cust_1720,Delhi,2022-04-13
1721,Cust_1721,Bangalore,2023-03-22
1722,Cust_1722,Delhi,2023-08-02
1723,Cust_1723,Jaipur,2023-11-17
1724,Cust_1724,Jaipur,2022-01-30
1725,Cust_1725,Jaipur,2023-07-29
1726,Cust_1726,Pune,2022-10-03
1727,Cust_1727,Mumbai,2022-05-06
1728,Cust_1728,Pune,2023-03-30
1729,Cust_1729,Bangalore,2022-11-01
1730,Cust_1730,Pune,2023-03-26
1731,Cust_1731,Bangalore,2022-04-06
1732,Cust_1732,Jaipur,2022-11-08
1733,Cust_1733,Bangalore,2023-03-16
1734,Cust_1734,Delhi,2023-09-22
1735,Cust_1735,Mumbai,2022-06-04
1736,Cust_1736,Delhi,2022-01-03
1737,Cust_1737,Bangalore,2023-10-24
1738,Cust_1738,Pune,2022-06-24
1739,Cust_1739,Bangalore,2022-04-02
1740,Cust_1740,Mumbai,2022-05-11
1741,Cust_1741,Pune,2022-01-09
1742,Cust_1742,Bangalore,2022-08-22
1743,Cust_1743,Delhi,2022-03-07
1744,Cust_1744,Pune,2023-02-21
1745,Cust_1745,Mumbai,2023-11-04
1746,Cust_1746,Mumbai,2022-04-18
1747,Cust_1747,Pune,2023-05-06
1748,Cust_1748,Pune,2022-03-01
1749,Cust_1749,Bangalore,2023-06-27
1750,Cust_1750,Pune,2022-01-20
1751,Cust_1751,Jaipur,2022-06-07
1752,Cust_1752,Bangalore,2023-08-09
1753,Cust_1753,Jaipur,2022-10-10
1754,Cust_1754,Delhi,2022-12-14
1755,Cust_1755,Pune,2022-01-26
1756,Cust_1756,Delhi,2023-03-19
1757,Cust_1757,Bangalore,2023-11-18
1758,Cust_1758,Delhi,2023-11-10
1759,Cust_1759,Pune,2023-04-30
1760,Cust_1760,Pune,2023-07-08
1761,Cust_1761,Bangalore,2023-07-30
1762,Cust_1762,Jaipur,2023-02-15
1763,Cust_1763,Pune,2022-04-01
1764,Cust_1764,Bangalore,2023-03-31
1765,Cust_1765,Pune,2023-10-27
1766,Cust_1766,Pune,2023-02-03
1767,Cust_1767,Pune,2022-12-09
1768,Cust_1768,Jaipur,2022-08-25
1769,Cust_1769,Jaipur,2023-08-07
1770,Cust_1770,Bangalore,2022-07-03
1771,Cust_1771,Delhi,2023-02-16
1772,Cust_1772,Jaipur,2023-10-22
1773,Cust_1773,Delhi,2023-09-08
1774,Cust_1774,Jaipur,2022-04-04
1775,Cust_1775,Delhi,2023-01-07
1776,Cust_1776,Pune,2023-03-24
1777,Cust_1777,Pune,2022-12-28
1778,Cust_1778,Delhi,2022-08-28
1779,Cust_1779,Bangalore,2022-02-07
1780,Cust_1780,Mumbai,2023-07-05
1781,Cust_1781,Pune,2023-01-07
1782,Cust_1782,Jaipur,2023-10-21
1783,Cust_1783,Mumbai,2022-05-16
1784,Cust_1784,Delhi,2023-10-17
1785,Cust_1785,Mumbai,2023-05-19
1786,Cust_1786,Pune,2022-01-29
1787,Cust_1787,Pune,2022-04-28
1788,Cust_1788,Mumbai,2023-10-04
1789,Cust_1789,Bangalore,2023-11-04
1790,Cust_1790,Bangalore,2022-05-31
1791,Cust_1791,Pune,2022-07-26
1792,Cust_1792,Pune,2022-05-14
1793,Cust_1793,Mumbai,2022-11-26
1794,Cust_1794,Mumbai,2023-02-04
1795,Cust_1795,Delhi,2022-09-22
1796,Cust_1796,Mumbai,2023-02-06
1797,Cust_1797,Delhi,2023-01-17
1798,Cust_1798,Mumbai,2023-09-05
1799,Cust_1799,Bangalore,2022-11-30
1800,Cust_1800,Pune,2023-11-14
1801,Cust_1801,Delhi,2023-05-23
1802,Cust_1802,Jaipur,2023-06-20
1803,Cust_1803,Pune,2023-01-29
1804,Cust_1804,Bangalore,2023-06-08
1805,Cust_1805,Jaipur,2022-01-26
1806,Cust_1806,Mumbai,2023-03-19
1807,Cust_1807,Delhi,2022-08-05
1808,Cust_1808,Pune,2022-10-29
1809,Cust_1809,Mumbai,2023-08-21
1810,Cust_1810,Jaipur,2022-12-31
1811,Cust_1811,Jaipur,2022-10-13
1812,Cust_1812,Bangalore,2022-06-19
1813,Cust_1813,Mumbai,2023-10-12
1814,Cust_1814,Jaipur,2023-06-06
1815,Cust_1815,Jaipur,2022-11-23
1816,Cust_1816,Bangalore,2022-03-19
1817,Cust_1817,Bangalore,2022-04-20
1818,Cust_1818,Pune,2023-05-09
1819,Cust_1819,Jaipur,2022-11-24
1820,Cust_1820,Pune,2023-03-28
1821,Cust_1821,Mumbai,2023-06-20
1822,Cust_1822,Bangalore,2023-03-22
1823,Cust_1823,Mumbai,2023-09-29
1824,Cust_1824,Bangalore,2022-08-18
1825,Cust_1825,Pune,2023-04-02
1826,Cust_1826,Pune,2022-05-07
1827,Cust_1827,Delhi,2023-07-04
1828,Cust_1828,Jaipur,2023-08-15
1829,Cust_1829,Bangalore,2023-11-25
1830,Cust_1830,Pune,2023-07-25
1831,Cust_1831,Pune,2023-05-13
1832,Cust_1832,Jaipur,2023-02-07
1833,Cust_1833,Pune,2022-11-19
1834,Cust_1834,Bangalore,2023-04-01
1835,Cust_1835,Delhi,2022-08-04
1836,Cust_1836,Delhi,2022-01-22
1837,Cust_1837,Bangalore,2022-11-27
1838,Cust_1838,Mumbai,2022-05-10
1839,Cust_1839,Bangalore,2022-10-26
1840,Cust_1840,Delhi,2022-02-11
1841,Cust_1841,Jaipur,2023-02-28
1842,Cust_1842,Delhi,2023-10-28
1843,Cust_1843,Mumbai,2022-12-16
1844,Cust_1844,Delhi,2022-12-07
1845,Cust_1845,Mumbai,2023-01-17
1846,Cust_1846,Delhi,2023-03-19
1847,Cust_1847,Pune,2022-05-28
1848,Cust_1848,Delhi,2023-03-20
1849,Cust_1849,Bangalore,2023-10-02
1850,Cust_1850,Bangalore,2023-09-21
1851,Cust_1851,Delhi,2023-01-09
1852,Cust_1852,Delhi,2022-01-19
1853,Cust_1853,Mumbai,2023-11-03
1854,Cust_1854,Mumbai,2022-03-07
1855,Cust_1855,Jaipur,2023-11-10
1856,Cust_1856,Jaipur,2022-04-29
1857,Cust_1857,Bangalore,2023-01-28
1858,Cust_1858,Jaipur,2023-01-04
1859,Cust_1859,Mumbai,2022-02-25
1860,Cust_1860,Jaipur,2023-05-27
1861,Cust_1861,Delhi,2023-09-27
1862,Cust_1862,Mumbai,2022-04-13
1863,Cust_1863,Pune,2023-03-25
1864,Cust_1864,Bangalore,2023-09-07
1865,Cust_1865,Bangalore,2023-07-14
1866,Cust_1866,Mumbai,2022-02-14
1867,Cust_1867,Delhi,2022-05-23
1868,Cust_1868,Delhi,2022-01-29
1869,Cust_1869,Mumbai,2022-07-13
1870,Cust_1870,Pune,2022-07-29
1871,Cust_1871,Mumbai,2022-05-05
1872,Cust_1872,Mumbai,2023-06-09
1873,Cust_1873,Delhi,2022-11-10
1874,Cust_1874,Delhi,2022-09-26
1875,Cust_1875,Pune,2022-12-14
1876,Cust_1876,Delhi,2022-05-11
1877,Cust_1877,Delhi,2022-08-19
1878,Cust_1878,Mumbai,2023-02-06
1879,Cust_1879,Delhi,2022-09-14
1880,Cust_1880,Bangalore,2022-09-21
1881,Cust_1881,Pune,2023-07-15
1882,Cust_1882,Bangalore,2022-07-14
1883,Cust_1883,Pune,2023-07-11
1884,Cust_1884,Jaipur,2022-02-05
1885,Cust_1885,Jaipur,2023-11-11
1886,Cust_1886,Bangalore,2023-01-12
1887,Cust_1887,Pune,2023-10-06
1888,Cust_1888,Mumbai,2022-07-19
1889,Cust_1889,Jaipur,2022-10-30
1890,Cust_1890,Delhi,2023-01-03
1891,Cust_1891,Pune,2022-06-14
1892,Cust_1892,Bangalore,2022-08-09
1893,Cust_1893,Pune,2023-09-02
1894,Cust_1894,Pune,2022-11-01
1895,Cust_1895,Jaipur,2023-11-29
1896,Cust_1896,Pune,2023-04-04
1897,Cust_1897,Pune,2022-08-08
1898,Cust_1898,Jaipur,2022-04-18
1899,Cust_1899,Pune,2023-06-04
1900,Cust_1900,Bangalore,2023-02-08
1901,Cust_1901,Mumbai,2022-02-25
1902,Cust_1902,Mumbai,2022-10-30
1903,Cust_1903,Bangalore,2022-02-13
1904,Cust_1904,Delhi,2022-01-23
1905,Cust_1905,Jaipur,2023-05-13
1906,Cust_1906,Pune,2022-12-09
1907,Cust_1907,Bangalore,2023-04-26
1908,Cust_1908,Mumbai,2022-02-27
1909,Cust_1909,Jaipur,2022-09-29
1910,Cust_1910,Jaipur,2023-07-11
1911,Cust_1911,Pune,2022-09-18
1912,Cust_1912,Mumbai,2023-09-21
1913,Cust_1913,Delhi,2022-07-23
1914,Cust_1914,Jaipur,2023-10-23
1915,Cust_1915,Delhi,2023-08-22
1916,Cust_1916,Jaipur,2023-05-07
1917,Cust_1917,Delhi,2022-09-05
1918,Cust_1918,Bangalore,2022-10-05
1919,Cust_1919,Pune,2023-06-29
1920,Cust_1920,Jaipur,2023-10-03
1921,Cust_1921,Jaipur,2022-09-11
1922,Cust_1922,Bangalore,2022-01-03
1923,Cust_1923,Jaipur,2022-09-11
1924,Cust_1924,Mumbai,2022-12-20
1925,Cust_1925,Mumbai,2023-10-18
1926,Cust_1926,Pune,2023-05-26
1927,Cust_1927,Mumbai,2023-05-08
1928,Cust_1928,Delhi,2022-02-05
1929,Cust_1929,Delhi,2022-12-06
1930,Cust_1930,Jaipur,2022-11-13
1931,Cust_1931,Jaipur,2022-03-11
1932,Cust_1932,Mumbai,2022-05-15
1933,Cust_1933,Pune,2022-04-21
1934,Cust_1934,Pune,2023-01-17
1935,Cust_1935,Jaipur,2023-10-16
1936,Cust_1936,Mumbai,2022-11-19
1937,Cust_1937,Mumbai,2023-01-27
1938,Cust_1938,Pune,2023-01-13
1939,Cust_1939,Bangalore,2023-04-18
1940,Cust_1940,Bangalore,2022-05-06
1941,Cust_1941,Delhi,2023-11-09
1942,Cust_1942,Bangalore,2023-07-08
1943,Cust_1943,Bangalore,2023-08-28
1944,Cust_1944,Pune,2022-02-09
1945,Cust_1945,Bangalore,2022-09-11
1946,Cust_1946,Mumbai,2022-09-04
1947,Cust_1947,Delhi,2023-04-10
1948,Cust_1948,Pune,2022-09-28
1949,Cust_1949,Delhi,2023-07-22
1950,Cust_1950,Pune,2022-03-15
1951,Cust_1951,Jaipur,2022-05-07
1952,Cust_1952,Delhi,2022-02-06
1953,Cust_1953,Jaipur,2023-02-07
1954,Cust_1954,Mumbai,2022-02-19
1955,Cust_1955,Mumbai,2023-07-09
1956,Cust_1956,Bangalore,2023-02-10
1957,Cust_1957,Bangalore,2023-04-24
1958,Cust_1958,Delhi,2022-01-16
1959,Cust_1959,Jaipur,2022-07-20
1960,Cust_1960,Delhi,2023-04-11
1961,Cust_1961,Jaipur,2022-10-21
1962,Cust_1962,Mumbai,2023-03-22
1963,Cust_1963,Bangalore,2023-05-09
1964,Cust_1964,Bangalore,2023-10-16
1965,Cust_1965,Pune,2022-04-18
1966,Cust_1966,Pune,2022-05-17
1967,Cust_1967,Pune,2022-09-24
1968,Cust_1968,Bangalore,2022-01-06
1969,Cust_1969,Jaipur,2023-04-27
1970,Cust_1970,Delhi,2023-01-18
1971,Cust_1971,Mumbai,2023-03-18
1972,Cust_1972,Mumbai,2023-10-22
1973,Cust_1973,Jaipur,2022-02-17
1974,Cust_1974,Bangalore,2022-08-30
1975,Cust_1975,Mumbai,2023-07-20
1976,Cust_1976,Pune,2022-07-11
1977,Cust_1977,Mumbai,2023-09-03
1978,Cust_1978,Pune,2022-11-11
1979,Cust_1979,Jaipur,2023-06-07
1980,Cust_1980,Jaipur,2022-03-05
1981,Cust_1981,Bangalore,2023-01-12
1982,Cust_1982,Pune,2023-04-07
1983,Cust_1983,Bangalore,2022-06-01
1984,Cust_1984,Delhi,2023-05-28
1985,Cust_1985,Pune,2023-11-16
1986,Cust_1986,Jaipur,2023-08-20
1987,Cust_1987,Delhi,2023-04-26
1988,Cust_1988,Pune,2023-03-03
1989,Cust_1989,Pune,2023-08-21
1990,Cust_1990,Delhi,2023-06-12
1991,Cust_1991,Bangalore,2023-11-15
1992,Cust_1992,Mumbai,2022-11-24
1993,Cust_1993,Mumbai,2022-05-04
1994,Cust_1994,Delhi,2022-09-30
1995,Cust_1995,Delhi,2023-12-01
1996,Cust_1996,Jaipur,2022-03-31
1997,Cust_1997,Mumbai,2022-03-14
1998,Cust_1998,Jaipur,2022-09-30
1999,Cust_1999,Delhi,2023-05-13
2000,Cust_2000,Delhi,2022-05-02
